"Wybory","Izba","Wiek","PÅeÄ"
"2005-09-25","Sejm",55.98,"M"
"2005-09-25","Sejm",46.76,"M"
"2005-09-25","Sejm",36.62,"M"
"2005-09-25","Sejm",28.64,"M"
"2005-09-25","Sejm",34.05,"M"
"2005-09-25","Sejm",51.71,"M"
"2005-09-25","Sejm",48.73,"M"
"2005-09-25","Sejm",41.09,"K"
"2005-09-25","Sejm",44.93,"M"
"2005-09-25","Sejm",40.89,"M"
"2005-09-25","Sejm",49.9,"K"
"2005-09-25","Sejm",50.16,"M"
"2005-09-25","Sejm",47.22,"K"
"2005-09-25","Sejm",51.39,"M"
"2005-09-25","Sejm",35.87,"M"
"2005-09-25","Sejm",46.44,"M"
"2005-09-25","Sejm",45.15,"M"
"2005-09-25","Sejm",31.9,"K"
"2005-09-25","Sejm",46.65,"M"
"2005-09-25","Sejm",46.65,"M"
"2005-09-25","Sejm",59.48,"M"
"2005-09-25","Sejm",57.44,"M"
"2005-09-25","Sejm",37.25,"M"
"2005-09-25","Sejm",23.3,"M"
"2005-09-25","Sejm",37.67,"M"
"2005-09-25","Sejm",30.6,"K"
"2005-09-25","Sejm",42.59,"K"
"2005-09-25","Sejm",55.11,"M"
"2005-09-25","Sejm",54.36,"M"
"2005-09-25","Sejm",53.65,"K"
"2005-09-25","Sejm",42.01,"M"
"2005-09-25","Sejm",48.58,"K"
"2005-09-25","Sejm",45.55,"M"
"2005-09-25","Sejm",41.58,"M"
"2005-09-25","Sejm",58.82,"M"
"2005-09-25","Sejm",46.96,"M"
"2005-09-25","Sejm",51.04,"M"
"2005-09-25","Sejm",53.79,"M"
"2005-09-25","Sejm",40.12,"M"
"2005-09-25","Sejm",51.98,"M"
"2005-09-25","Sejm",57.3,"K"
"2005-09-25","Sejm",52.47,"M"
"2005-09-25","Sejm",50.47,"M"
"2005-09-25","Sejm",50.34,"M"
"2005-09-25","Sejm",47.95,"M"
"2005-09-25","Sejm",52.49,"M"
"2005-09-25","Sejm",39.48,"M"
"2005-09-25","Sejm",48.81,"M"
"2005-09-25","Sejm",50.92,"M"
"2005-09-25","Sejm",54.63,"M"
"2005-09-25","Sejm",56.07,"M"
"2005-09-25","Sejm",58.14,"M"
"2005-09-25","Sejm",44.41,"M"
"2005-09-25","Sejm",44.07,"M"
"2005-09-25","Sejm",60.11,"M"
"2005-09-25","Sejm",51.59,"M"
"2005-09-25","Sejm",38.33,"M"
"2005-09-25","Sejm",39.84,"M"
"2005-09-25","Sejm",45.64,"M"
"2005-09-25","Sejm",51.34,"M"
"2005-09-25","Sejm",49.25,"M"
"2005-09-25","Sejm",41.44,"M"
"2005-09-25","Sejm",32.67,"M"
"2005-09-25","Sejm",48.15,"M"
"2005-09-25","Sejm",46.21,"M"
"2005-09-25","Sejm",55.26,"K"
"2005-09-25","Sejm",54.68,"M"
"2005-09-25","Sejm",54.78,"M"
"2005-09-25","Sejm",57.95,"M"
"2005-09-25","Sejm",60.38,"M"
"2005-09-25","Sejm",47.62,"M"
"2005-09-25","Sejm",44.18,"M"
"2005-09-25","Sejm",55.38,"K"
"2005-09-25","Sejm",43.15,"M"
"2005-09-25","Sejm",48.39,"M"
"2005-09-25","Sejm",33.18,"K"
"2005-09-25","Sejm",49.21,"M"
"2005-09-25","Sejm",61.47,"M"
"2005-09-25","Sejm",26.73,"M"
"2005-09-25","Sejm",36.85,"M"
"2005-09-25","Sejm",34.6,"M"
"2005-09-25","Sejm",56.74,"M"
"2005-09-25","Sejm",32.55,"M"
"2005-09-25","Sejm",49.58,"M"
"2005-09-25","Sejm",30.76,"M"
"2005-09-25","Sejm",39.45,"M"
"2005-09-25","Sejm",56.23,"M"
"2005-09-25","Sejm",63.22,"M"
"2005-09-25","Sejm",41.67,"M"
"2005-09-25","Sejm",47.2,"M"
"2005-09-25","Sejm",39.21,"K"
"2005-09-25","Sejm",52.88,"M"
"2005-09-25","Sejm",41.4,"M"
"2005-09-25","Sejm",35.68,"M"
"2005-09-25","Sejm",32.13,"M"
"2005-09-25","Sejm",45.45,"M"
"2005-09-25","Sejm",43.36,"K"
"2005-09-25","Sejm",43.43,"M"
"2005-09-25","Sejm",41.62,"M"
"2005-09-25","Sejm",52.93,"K"
"2005-09-25","Sejm",53.03,"M"
"2005-09-25","Sejm",44.42,"M"
"2005-09-25","Sejm",38.75,"M"
"2005-09-25","Sejm",50.78,"M"
"2005-09-25","Sejm",49.12,"M"
"2005-09-25","Sejm",67.67,"K"
"2005-09-25","Sejm",44.93,"M"
"2005-09-25","Sejm",66.3,"M"
"2005-09-25","Sejm",53.87,"K"
"2005-09-25","Sejm",51.62,"M"
"2005-09-25","Sejm",25.36,"M"
"2005-09-25","Sejm",45.76,"K"
"2005-09-25","Sejm",52.46,"M"
"2005-09-25","Sejm",60.95,"M"
"2005-09-25","Sejm",54.04,"M"
"2005-09-25","Sejm",32.55,"M"
"2005-09-25","Sejm",34.39,"M"
"2005-09-25","Sejm",56.81,"K"
"2005-09-25","Sejm",40.27,"M"
"2005-09-25","Sejm",53.19,"K"
"2005-09-25","Sejm",48.04,"M"
"2005-09-25","Sejm",51.83,"M"
"2005-09-25","Sejm",55.13,"K"
"2005-09-25","Sejm",57.52,"M"
"2005-09-25","Sejm",48.39,"K"
"2005-09-25","Sejm",44.19,"M"
"2005-09-25","Sejm",59.87,"M"
"2005-09-25","Sejm",38.15,"M"
"2005-09-25","Sejm",45.27,"M"
"2005-09-25","Sejm",51.89,"M"
"2005-09-25","Sejm",56.31,"M"
"2005-09-25","Sejm",50.79,"M"
"2005-09-25","Sejm",57.96,"M"
"2005-09-25","Sejm",43.48,"M"
"2005-09-25","Sejm",48.61,"M"
"2005-09-25","Sejm",40.03,"M"
"2005-09-25","Sejm",26.23,"M"
"2005-09-25","Sejm",32.83,"M"
"2005-09-25","Sejm",43.89,"M"
"2005-09-25","Sejm",39.4,"M"
"2005-09-25","Sejm",52.53,"M"
"2005-09-25","Sejm",30.2,"M"
"2005-09-25","Sejm",39.65,"K"
"2005-09-25","Sejm",48.42,"K"
"2005-09-25","Sejm",44.55,"M"
"2005-09-25","Sejm",53.21,"M"
"2005-09-25","Sejm",47.62,"M"
"2005-09-25","Sejm",44.96,"M"
"2005-09-25","Sejm",42.41,"K"
"2005-09-25","Sejm",48.3,"M"
"2005-09-25","Sejm",41.62,"M"
"2005-09-25","Sejm",56.17,"M"
"2005-09-25","Sejm",55.7,"K"
"2005-09-25","Sejm",56.3,"M"
"2005-09-25","Sejm",39.04,"M"
"2005-09-25","Sejm",42.32,"M"
"2005-09-25","Sejm",42.56,"M"
"2005-09-25","Sejm",46.39,"M"
"2005-09-25","Sejm",53.35,"M"
"2005-09-25","Sejm",48.84,"K"
"2005-09-25","Sejm",47.01,"K"
"2005-09-25","Sejm",45.12,"M"
"2005-09-25","Sejm",50.77,"M"
"2005-09-25","Sejm",39.64,"M"
"2005-09-25","Sejm",41.99,"M"
"2005-09-25","Sejm",49.4,"M"
"2005-09-25","Sejm",30.2,"M"
"2005-09-25","Sejm",49.23,"M"
"2005-09-25","Sejm",40.95,"M"
"2005-09-25","Sejm",44.51,"M"
"2005-09-25","Sejm",54.96,"M"
"2005-09-25","Sejm",48.32,"M"
"2005-09-25","Sejm",26.57,"M"
"2005-09-25","Sejm",58.99,"M"
"2005-09-25","Sejm",49.06,"M"
"2005-09-25","Sejm",54.92,"M"
"2005-09-25","Sejm",56.72,"M"
"2005-09-25","Sejm",45.88,"K"
"2005-09-25","Sejm",50.49,"M"
"2005-09-25","Sejm",40.95,"M"
"2005-09-25","Sejm",50.16,"M"
"2005-09-25","Sejm",46.32,"M"
"2005-09-25","Sejm",56.05,"M"
"2005-09-25","Sejm",58.27,"M"
"2005-09-25","Sejm",39.62,"M"
"2005-09-25","Sejm",48.15,"M"
"2005-09-25","Sejm",41.58,"M"
"2005-09-25","Sejm",36.82,"M"
"2005-09-25","Sejm",51.32,"M"
"2005-09-25","Sejm",28.32,"K"
"2005-09-25","Sejm",34.71,"M"
"2005-09-25","Sejm",45.99,"M"
"2005-09-25","Sejm",49.07,"M"
"2005-09-25","Sejm",50.18,"M"
"2005-09-25","Sejm",38.36,"M"
"2005-09-25","Sejm",55.33,"M"
"2005-09-25","Sejm",50.56,"M"
"2005-09-25","Sejm",35.18,"M"
"2005-09-25","Sejm",63.65,"M"
"2005-09-25","Sejm",45.45,"M"
"2005-09-25","Sejm",54.81,"M"
"2005-09-25","Sejm",51.15,"M"
"2005-09-25","Sejm",55.88,"M"
"2005-09-25","Sejm",50.25,"M"
"2005-09-25","Sejm",38.86,"K"
"2005-09-25","Sejm",59.66,"K"
"2005-09-25","Sejm",52.25,"K"
"2005-09-25","Sejm",51.42,"M"
"2005-09-25","Sejm",52.48,"M"
"2005-09-25","Sejm",44.62,"M"
"2005-09-25","Sejm",58.72,"M"
"2005-09-25","Sejm",44.73,"K"
"2005-09-25","Sejm",37.6,"M"
"2005-09-25","Sejm",51.39,"K"
"2005-09-25","Sejm",45.62,"M"
"2005-09-25","Sejm",38.47,"M"
"2005-09-25","Sejm",45.8,"M"
"2005-09-25","Sejm",58.37,"K"
"2005-09-25","Sejm",54.54,"M"
"2005-09-25","Sejm",37.35,"M"
"2005-09-25","Sejm",55.91,"M"
"2005-09-25","Sejm",28.49,"M"
"2005-09-25","Sejm",55.28,"K"
"2005-09-25","Sejm",61.98,"K"
"2005-09-25","Sejm",49.54,"M"
"2005-09-25","Sejm",46.15,"M"
"2005-09-25","Sejm",45.59,"M"
"2005-09-25","Sejm",37.96,"K"
"2005-09-25","Sejm",51.13,"M"
"2005-09-25","Sejm",52.03,"M"
"2005-09-25","Sejm",31.25,"M"
"2005-09-25","Sejm",55.22,"M"
"2005-09-25","Sejm",54.75,"M"
"2005-09-25","Sejm",39.96,"M"
"2005-09-25","Sejm",49.87,"M"
"2005-09-25","Sejm",47.37,"K"
"2005-09-25","Sejm",51.29,"M"
"2005-09-25","Sejm",52.51,"K"
"2005-09-25","Sejm",61.29,"M"
"2005-09-25","Sejm",43.67,"M"
"2005-09-25","Sejm",53.22,"M"
"2005-09-25","Sejm",41.21,"M"
"2005-09-25","Sejm",46.38,"K"
"2005-09-25","Sejm",50.68,"M"
"2005-09-25","Sejm",34.66,"M"
"2005-09-25","Sejm",50.52,"K"
"2005-09-25","Sejm",44.89,"M"
"2005-09-25","Sejm",31.55,"M"
"2005-09-25","Sejm",46.63,"K"
"2005-09-25","Sejm",32.44,"M"
"2005-09-25","Sejm",55.53,"K"
"2005-09-25","Sejm",30.81,"M"
"2005-09-25","Sejm",48.79,"M"
"2005-09-25","Sejm",55.74,"M"
"2005-09-25","Sejm",62.42,"K"
"2005-09-25","Sejm",49.66,"K"
"2005-09-25","Sejm",31.48,"M"
"2005-09-25","Sejm",39.34,"K"
"2005-09-25","Sejm",60.11,"K"
"2005-09-25","Sejm",37.86,"M"
"2005-09-25","Sejm",25.81,"M"
"2005-09-25","Sejm",49.79,"M"
"2005-09-25","Sejm",33.4,"M"
"2005-09-25","Sejm",29.02,"M"
"2005-09-25","Sejm",47.19,"K"
"2005-09-25","Sejm",37.1,"M"
"2005-09-25","Sejm",48.73,"M"
"2005-09-25","Sejm",61.31,"K"
"2005-09-25","Sejm",52.37,"M"
"2005-09-25","Sejm",54.12,"M"
"2005-09-25","Sejm",40.5,"K"
"2005-09-25","Sejm",49.16,"K"
"2005-09-25","Sejm",40.94,"M"
"2005-09-25","Sejm",45.52,"K"
"2005-09-25","Sejm",48.76,"M"
"2005-09-25","Sejm",26.26,"M"
"2005-09-25","Sejm",46.53,"K"
"2005-09-25","Sejm",63.53,"M"
"2005-09-25","Sejm",46.09,"M"
"2005-09-25","Sejm",26.9,"M"
"2005-09-25","Sejm",47.07,"M"
"2005-09-25","Sejm",26.82,"M"
"2005-09-25","Sejm",51.05,"M"
"2005-09-25","Sejm",46.44,"M"
"2005-09-25","Sejm",45.76,"M"
"2005-09-25","Sejm",38.03,"K"
"2005-09-25","Sejm",51.26,"K"
"2005-09-25","Sejm",58.42,"K"
"2005-09-25","Sejm",34.41,"M"
"2005-09-25","Sejm",49.33,"M"
"2005-09-25","Sejm",51.31,"M"
"2005-09-25","Sejm",59.62,"M"
"2005-09-25","Sejm",50.67,"K"
"2005-09-25","Sejm",28.38,"M"
"2005-09-25","Sejm",52.37,"K"
"2005-09-25","Sejm",47.43,"M"
"2005-09-25","Sejm",51.85,"M"
"2005-09-25","Sejm",44.12,"M"
"2005-09-25","Sejm",41.88,"M"
"2005-09-25","Sejm",37.13,"M"
"2005-09-25","Sejm",36.38,"M"
"2005-09-25","Sejm",62.43,"K"
"2005-09-25","Sejm",51.16,"M"
"2005-09-25","Sejm",54.77,"M"
"2005-09-25","Sejm",30.48,"M"
"2005-09-25","Sejm",47.75,"K"
"2005-09-25","Sejm",33.01,"M"
"2005-09-25","Sejm",59.16,"K"
"2005-09-25","Sejm",56.68,"K"
"2005-09-25","Sejm",29.62,"M"
"2005-09-25","Sejm",55.56,"M"
"2005-09-25","Sejm",46.3,"M"
"2005-09-25","Sejm",44.43,"M"
"2005-09-25","Sejm",35.7,"M"
"2005-09-25","Sejm",55.38,"K"
"2005-09-25","Sejm",46.98,"M"
"2005-09-25","Sejm",44.21,"M"
"2005-09-25","Sejm",26.83,"M"
"2005-09-25","Sejm",52.74,"M"
"2005-09-25","Sejm",45.29,"M"
"2005-09-25","Sejm",55.59,"M"
"2005-09-25","Sejm",42.01,"M"
"2005-09-25","Sejm",45.7,"K"
"2005-09-25","Sejm",53.34,"M"
"2005-09-25","Sejm",29.83,"K"
"2005-09-25","Sejm",36.52,"M"
"2005-09-25","Sejm",41.54,"K"
"2005-09-25","Sejm",47.5,"M"
"2005-09-25","Sejm",42.63,"M"
"2005-09-25","Sejm",36.48,"M"
"2005-09-25","Sejm",42.43,"M"
"2005-09-25","Sejm",56.68,"K"
"2005-09-25","Sejm",42.25,"M"
"2005-09-25","Sejm",49.69,"M"
"2005-09-25","Sejm",46.39,"M"
"2005-09-25","Sejm",56.16,"M"
"2005-09-25","Sejm",51.21,"K"
"2005-09-25","Sejm",28.62,"K"
"2005-09-25","Sejm",31.19,"M"
"2005-09-25","Sejm",48.11,"M"
"2005-09-25","Sejm",67.09,"M"
"2005-09-25","Sejm",36.08,"M"
"2005-09-25","Sejm",26.27,"M"
"2005-09-25","Sejm",54.54,"K"
"2005-09-25","Sejm",63.55,"M"
"2005-09-25","Sejm",59.36,"M"
"2005-09-25","Sejm",41.82,"M"
"2005-09-25","Sejm",54.42,"M"
"2005-09-25","Sejm",61.6,"K"
"2005-09-25","Sejm",45.33,"K"
"2005-09-25","Sejm",44.23,"M"
"2005-09-25","Sejm",64.56,"M"
"2005-09-25","Sejm",61.35,"M"
"2005-09-25","Sejm",58.96,"M"
"2005-09-25","Sejm",52.96,"M"
"2005-09-25","Sejm",35.48,"M"
"2005-09-25","Sejm",38.32,"M"
"2005-09-25","Sejm",52.18,"K"
"2005-09-25","Sejm",58.01,"M"
"2005-09-25","Sejm",55.06,"M"
"2005-09-25","Sejm",51.47,"M"
"2005-09-25","Sejm",50.68,"M"
"2005-09-25","Sejm",47.32,"M"
"2005-09-25","Sejm",44.41,"M"
"2005-09-25","Sejm",49.81,"M"
"2005-09-25","Sejm",45.35,"M"
"2005-09-25","Sejm",41.94,"M"
"2005-09-25","Sejm",48.29,"K"
"2005-09-25","Sejm",52.04,"M"
"2005-09-25","Sejm",46.9,"M"
"2005-09-25","Sejm",58.72,"M"
"2005-09-25","Sejm",53.5,"M"
"2005-09-25","Sejm",31.78,"M"
"2005-09-25","Sejm",49.28,"K"
"2005-09-25","Sejm",59.26,"M"
"2005-09-25","Sejm",50.49,"M"
"2005-09-25","Sejm",42.48,"K"
"2005-09-25","Sejm",39.66,"M"
"2005-09-25","Sejm",51.24,"K"
"2005-09-25","Sejm",56.4,"M"
"2005-09-25","Sejm",61.48,"M"
"2005-09-25","Sejm",64.77,"K"
"2005-09-25","Sejm",26.11,"M"
"2005-09-25","Sejm",54.48,"M"
"2005-09-25","Sejm",55.57,"M"
"2005-09-25","Sejm",55.39,"M"
"2005-09-25","Sejm",30.48,"M"
"2005-09-25","Sejm",39.93,"M"
"2005-09-25","Sejm",56.73,"M"
"2005-09-25","Sejm",46.62,"M"
"2005-09-25","Sejm",32.19,"M"
"2005-09-25","Sejm",44.6,"M"
"2005-09-25","Sejm",48.46,"M"
"2005-09-25","Sejm",42.33,"M"
"2005-09-25","Sejm",56.46,"K"
"2005-09-25","Sejm",41.19,"M"
"2005-09-25","Sejm",39.16,"M"
"2005-09-25","Sejm",55.93,"M"
"2005-09-25","Sejm",44.71,"M"
"2005-09-25","Sejm",29.05,"M"
"2005-09-25","Sejm",54.61,"K"
"2005-09-25","Sejm",56.06,"M"
"2005-09-25","Sejm",43.72,"M"
"2005-09-25","Sejm",51.46,"M"
"2005-09-25","Sejm",60.79,"M"
"2005-09-25","Sejm",27.02,"M"
"2005-09-25","Sejm",29.07,"M"
"2005-09-25","Sejm",46.77,"K"
"2005-09-25","Sejm",39.37,"M"
"2005-09-25","Sejm",33.14,"M"
"2005-09-25","Sejm",42.26,"K"
"2005-09-25","Sejm",50.27,"K"
"2005-09-25","Sejm",45.79,"M"
"2005-09-25","Sejm",30.3,"K"
"2005-09-25","Sejm",56.6,"K"
"2005-09-25","Sejm",47.51,"M"
"2005-09-25","Sejm",47.81,"K"
"2005-09-25","Sejm",44.44,"M"
"2005-09-25","Sejm",59.15,"M"
"2005-09-25","Sejm",42.28,"M"
"2005-09-25","Sejm",41.87,"M"
"2005-09-25","Sejm",59.3,"M"
"2005-09-25","Sejm",45.35,"K"
"2005-09-25","Sejm",38.02,"M"
"2005-09-25","Sejm",65.43,"M"
"2005-09-25","Sejm",45.73,"M"
"2005-09-25","Sejm",59.23,"M"
"2005-09-25","Sejm",51.89,"M"
"2005-09-25","Sejm",25.52,"M"
"2005-09-25","Sejm",34.47,"M"
"2005-09-25","Sejm",41.98,"K"
"2005-09-25","Sejm",46.55,"M"
"2005-09-25","Sejm",57.76,"M"
"2005-09-25","Sejm",58.12,"M"
"2005-09-25","Sejm",45.9,"M"
"2005-09-25","Sejm",47.61,"M"
"2005-09-25","Sejm",56.02,"M"
"2005-09-25","Sejm",56.44,"M"
"2005-09-25","Sejm",54.93,"K"
"2005-09-25","Sejm",41.03,"M"
"2005-09-25","Sejm",32.81,"M"
"2005-09-25","Sejm",36.52,"M"
"2005-09-25","Sejm",61.81,"M"
"2005-09-25","Sejm",42.33,"M"
"2005-09-25","Sejm",27.61,"M"
"2005-09-25","Sejm",50.43,"M"
"2005-09-25","Sejm",48.93,"K"
"2005-09-25","Sejm",48.39,"M"
"2005-09-25","Sejm",56.62,"M"
"2005-09-25","Sejm",56.03,"K"
"2005-09-25","Sejm",45.04,"M"
"2005-09-25","Sejm",49.54,"M"
"2005-09-25","Sejm",35.13,"M"
"2005-09-25","Sejm",54.51,"K"
"2005-09-25","Sejm",47.91,"M"
"2005-09-25","Sejm",67.56,"M"
"2005-09-25","Sejm",38.39,"M"
"2005-09-25","Sejm",61.5,"M"
"2005-09-25","Sejm",48.82,"M"
"2005-09-25","Sejm",55.73,"M"
"2005-09-25","Senat",51.39,"M"
"2005-09-25","Senat",53.77,"M"
"2005-09-25","Senat",44.62,"M"
"2005-09-25","Senat",63.77,"M"
"2005-09-25","Senat",37.63,"K"
"2005-09-25","Senat",50.14,"M"
"2005-09-25","Senat",41.77,"M"
"2005-09-25","Senat",73.66,"M"
"2005-09-25","Senat",64.65,"M"
"2005-09-25","Senat",43.06,"M"
"2005-09-25","Senat",58.1,"M"
"2005-09-25","Senat",52.27,"K"
"2005-09-25","Senat",43.26,"M"
"2005-09-25","Senat",56.74,"M"
"2005-09-25","Senat",30.31,"K"
"2005-09-25","Senat",34.21,"M"
"2005-09-25","Senat",52.12,"M"
"2005-09-25","Senat",63.14,"M"
"2005-09-25","Senat",55.36,"M"
"2005-09-25","Senat",53.32,"K"
"2005-09-25","Senat",42.56,"K"
"2005-09-25","Senat",43.83,"M"
"2005-09-25","Senat",50.46,"K"
"2005-09-25","Senat",59.03,"M"
"2005-09-25","Senat",43.84,"M"
"2005-09-25","Senat",59.72,"M"
"2005-09-25","Senat",54.65,"M"
"2005-09-25","Senat",56.66,"M"
"2005-09-25","Senat",57.06,"M"
"2005-09-25","Senat",49.9,"M"
"2005-09-25","Senat",61.11,"M"
"2005-09-25","Senat",51.94,"M"
"2005-09-25","Senat",53.15,"M"
"2005-09-25","Senat",42.09,"M"
"2005-09-25","Senat",43.9,"M"
"2005-09-25","Senat",76.14,"K"
"2005-09-25","Senat",76.66,"M"
"2005-09-25","Senat",44.35,"M"
"2005-09-25","Senat",55.79,"M"
"2005-09-25","Senat",61.76,"M"
"2005-09-25","Senat",42.99,"M"
"2005-09-25","Senat",48.11,"M"
"2005-09-25","Senat",53.68,"M"
"2005-09-25","Senat",53.77,"M"
"2005-09-25","Senat",60.34,"M"
"2005-09-25","Senat",42.93,"M"
"2005-09-25","Senat",63.35,"M"
"2005-09-25","Senat",56.43,"M"
"2005-09-25","Senat",42.41,"M"
"2005-09-25","Senat",54.74,"M"
"2005-09-25","Senat",60.39,"M"
"2005-09-25","Senat",32.24,"M"
"2005-09-25","Senat",64.26,"M"
"2005-09-25","Senat",61.68,"M"
"2005-09-25","Senat",52.04,"K"
"2005-09-25","Senat",52.02,"M"
"2005-09-25","Senat",51.28,"M"
"2005-09-25","Senat",55.3,"M"
"2005-09-25","Senat",63.25,"K"
"2005-09-25","Senat",54.41,"M"
"2005-09-25","Senat",59.96,"M"
"2005-09-25","Senat",53.22,"M"
"2005-09-25","Senat",47.65,"M"
"2005-09-25","Senat",49.65,"M"
"2005-09-25","Senat",48.26,"M"
"2005-09-25","Senat",50.3,"K"
"2005-09-25","Senat",50.68,"M"
"2005-09-25","Senat",52.4,"M"
"2005-09-25","Senat",65.78,"M"
"2005-09-25","Senat",74.13,"K"
"2005-09-25","Senat",48.07,"M"
"2005-09-25","Senat",59.27,"M"
"2005-09-25","Senat",56.81,"M"
"2005-09-25","Senat",61.22,"M"
"2005-09-25","Senat",60.06,"M"
"2005-09-25","Senat",42.62,"M"
"2005-09-25","Senat",43.68,"M"
"2005-09-25","Senat",66.47,"M"
"2005-09-25","Senat",50.83,"M"
"2005-09-25","Senat",45.08,"M"
"2005-09-25","Senat",53.32,"M"
"2005-09-25","Senat",56.31,"M"
"2005-09-25","Senat",43.83,"M"
"2005-09-25","Senat",43.55,"M"
"2005-09-25","Senat",58.49,"K"
"2005-09-25","Senat",48.38,"M"
"2005-09-25","Senat",60.88,"M"
"2005-09-25","Senat",51.31,"M"
"2005-09-25","Senat",50.64,"M"
"2005-09-25","Senat",68.63,"M"
"2005-09-25","Senat",57.9,"K"
"2005-09-25","Senat",34.47,"M"
"2005-09-25","Senat",57.9,"M"
"2005-09-25","Senat",39.69,"M"
"2005-09-25","Senat",51.56,"M"
"2005-09-25","Senat",51.47,"M"
"2005-09-25","Senat",53.48,"M"
"2005-09-25","Senat",56.59,"M"
"2005-09-25","Senat",41.73,"M"
"2005-09-25","Senat",45.05,"M"
"2007-10-21","Sejm",46.65,"M"
"2007-10-21","Sejm",48.83,"M"
"2007-10-21","Sejm",58.79,"M"
"2007-10-21","Sejm",49.24,"M"
"2007-10-21","Sejm",36.12,"M"
"2007-10-21","Sejm",39.41,"K"
"2007-10-21","Sejm",51.98,"M"
"2007-10-21","Sejm",35.83,"M"
"2007-10-21","Sejm",53.78,"M"
"2007-10-21","Sejm",49.1,"M"
"2007-10-21","Sejm",43.16,"K"
"2007-10-21","Sejm",47,"M"
"2007-10-21","Sejm",54.52,"M"
"2007-10-21","Sejm",38.14,"M"
"2007-10-21","Sejm",54.1,"M"
"2007-10-21","Sejm",61.52,"K"
"2007-10-21","Sejm",40.33,"K"
"2007-10-21","Sejm",49.83,"M"
"2007-10-21","Sejm",55.85,"M"
"2007-10-21","Sejm",48.52,"M"
"2007-10-21","Sejm",47.22,"M"
"2007-10-21","Sejm",38.11,"M"
"2007-10-21","Sejm",60.39,"M"
"2007-10-21","Sejm",33.98,"K"
"2007-10-21","Sejm",48.72,"M"
"2007-10-21","Sejm",48.73,"M"
"2007-10-21","Sejm",61.84,"M"
"2007-10-21","Sejm",24.45,"M"
"2007-10-21","Sejm",39.61,"M"
"2007-10-21","Sejm",39.74,"M"
"2007-10-21","Sejm",41.17,"M"
"2007-10-21","Sejm",32.67,"K"
"2007-10-21","Sejm",56.43,"M"
"2007-10-21","Sejm",55.72,"K"
"2007-10-21","Sejm",42.18,"M"
"2007-10-21","Sejm",65.71,"M"
"2007-10-21","Sejm",44.08,"M"
"2007-10-21","Sejm",48.42,"K"
"2007-10-21","Sejm",41.92,"M"
"2007-10-21","Sejm",57.69,"M"
"2007-10-21","Sejm",43.65,"M"
"2007-10-21","Sejm",60.9,"M"
"2007-10-21","Sejm",49.03,"M"
"2007-10-21","Sejm",53.12,"M"
"2007-10-21","Sejm",42.19,"M"
"2007-10-21","Sejm",50.82,"M"
"2007-10-21","Sejm",51.96,"M"
"2007-10-21","Sejm",52.54,"M"
"2007-10-21","Sejm",52.41,"M"
"2007-10-21","Sejm",54.56,"M"
"2007-10-21","Sejm",41.55,"M"
"2007-10-21","Sejm",53.81,"M"
"2007-10-21","Sejm",52.99,"M"
"2007-10-21","Sejm",56.7,"M"
"2007-10-21","Sejm",48.71,"M"
"2007-10-21","Sejm",68.92,"M"
"2007-10-21","Sejm",58.15,"M"
"2007-10-21","Sejm",60.21,"M"
"2007-10-21","Sejm",33.93,"K"
"2007-10-21","Sejm",51.35,"K"
"2007-10-21","Sejm",54.69,"M"
"2007-10-21","Sejm",46.14,"M"
"2007-10-21","Sejm",41.92,"M"
"2007-10-21","Sejm",47.71,"M"
"2007-10-21","Sejm",53.41,"M"
"2007-10-21","Sejm",51.7,"K"
"2007-10-21","Sejm",44.07,"K"
"2007-10-21","Sejm",51.32,"M"
"2007-10-21","Sejm",34.74,"M"
"2007-10-21","Sejm",38.64,"M"
"2007-10-21","Sejm",49.03,"M"
"2007-10-21","Sejm",50.22,"M"
"2007-10-21","Sejm",26.23,"M"
"2007-10-21","Sejm",53.9,"M"
"2007-10-21","Sejm",48.28,"M"
"2007-10-21","Sejm",57.33,"K"
"2007-10-21","Sejm",56.76,"M"
"2007-10-21","Sejm",60.02,"M"
"2007-10-21","Sejm",62.62,"M"
"2007-10-21","Sejm",65.08,"M"
"2007-10-21","Sejm",45.22,"M"
"2007-10-21","Sejm",51.28,"M"
"2007-10-21","Sejm",63.55,"M"
"2007-10-21","Sejm",28.81,"M"
"2007-10-21","Sejm",39.99,"M"
"2007-10-21","Sejm",38.92,"M"
"2007-10-21","Sejm",23.86,"K"
"2007-10-21","Sejm",55.89,"K"
"2007-10-21","Sejm",30.13,"M"
"2007-10-21","Sejm",28.52,"M"
"2007-10-21","Sejm",58.33,"K"
"2007-10-21","Sejm",58.81,"M"
"2007-10-21","Sejm",34.62,"M"
"2007-10-21","Sejm",51.65,"M"
"2007-10-21","Sejm",32.83,"M"
"2007-10-21","Sejm",41.52,"M"
"2007-10-21","Sejm",58.3,"M"
"2007-10-21","Sejm",65.29,"M"
"2007-10-21","Sejm",43.74,"M"
"2007-10-21","Sejm",54.95,"M"
"2007-10-21","Sejm",43.47,"M"
"2007-10-21","Sejm",45.91,"M"
"2007-10-21","Sejm",37.75,"M"
"2007-10-21","Sejm",34.21,"M"
"2007-10-21","Sejm",47.52,"M"
"2007-10-21","Sejm",58.56,"K"
"2007-10-21","Sejm",45.5,"M"
"2007-10-21","Sejm",34.45,"M"
"2007-10-21","Sejm",43.69,"M"
"2007-10-21","Sejm",55.1,"M"
"2007-10-21","Sejm",46.49,"M"
"2007-10-21","Sejm",52.85,"M"
"2007-10-21","Sejm",51.19,"M"
"2007-10-21","Sejm",47.01,"M"
"2007-10-21","Sejm",33.72,"K"
"2007-10-21","Sejm",45.39,"M"
"2007-10-21","Sejm",45.93,"M"
"2007-10-21","Sejm",44.8,"K"
"2007-10-21","Sejm",56.77,"K"
"2007-10-21","Sejm",53.7,"M"
"2007-10-21","Sejm",27.43,"M"
"2007-10-21","Sejm",54.53,"M"
"2007-10-21","Sejm",63.02,"M"
"2007-10-21","Sejm",34.62,"M"
"2007-10-21","Sejm",36.46,"M"
"2007-10-21","Sejm",41.62,"K"
"2007-10-21","Sejm",43.57,"M"
"2007-10-21","Sejm",42.35,"M"
"2007-10-21","Sejm",66.89,"K"
"2007-10-21","Sejm",50.12,"M"
"2007-10-21","Sejm",26.75,"M"
"2007-10-21","Sejm",57.2,"K"
"2007-10-21","Sejm",59.59,"M"
"2007-10-21","Sejm",50.46,"K"
"2007-10-21","Sejm",53.96,"M"
"2007-10-21","Sejm",36.64,"M"
"2007-10-21","Sejm",58.38,"M"
"2007-10-21","Sejm",60.03,"M"
"2007-10-21","Sejm",45.56,"M"
"2007-10-21","Sejm",50.68,"M"
"2007-10-21","Sejm",51.97,"M"
"2007-10-21","Sejm",29.58,"M"
"2007-10-21","Sejm",28,"M"
"2007-10-21","Sejm",44.5,"M"
"2007-10-21","Sejm",28.3,"M"
"2007-10-21","Sejm",34.9,"M"
"2007-10-21","Sejm",31.23,"M"
"2007-10-21","Sejm",45.96,"M"
"2007-10-21","Sejm",41.47,"M"
"2007-10-21","Sejm",54.6,"M"
"2007-10-21","Sejm",46.04,"M"
"2007-10-21","Sejm",57.59,"M"
"2007-10-21","Sejm",41.72,"K"
"2007-10-21","Sejm",50.5,"K"
"2007-10-21","Sejm",43.34,"K"
"2007-10-21","Sejm",54.33,"M"
"2007-10-21","Sejm",47.04,"M"
"2007-10-21","Sejm",44.48,"K"
"2007-10-21","Sejm",43.88,"K"
"2007-10-21","Sejm",53.97,"M"
"2007-10-21","Sejm",43.69,"M"
"2007-10-21","Sejm",57.77,"K"
"2007-10-21","Sejm",51.01,"M"
"2007-10-21","Sejm",58.37,"M"
"2007-10-21","Sejm",44.39,"M"
"2007-10-21","Sejm",44.63,"M"
"2007-10-21","Sejm",59.83,"M"
"2007-10-21","Sejm",55.42,"M"
"2007-10-21","Sejm",33.6,"M"
"2007-10-21","Sejm",50.92,"K"
"2007-10-21","Sejm",49.08,"K"
"2007-10-21","Sejm",47.19,"M"
"2007-10-21","Sejm",31.83,"M"
"2007-10-21","Sejm",52.84,"M"
"2007-10-21","Sejm",41.71,"M"
"2007-10-21","Sejm",43.18,"K"
"2007-10-21","Sejm",32.27,"M"
"2007-10-21","Sejm",51.3,"M"
"2007-10-21","Sejm",43.02,"M"
"2007-10-21","Sejm",39.75,"M"
"2007-10-21","Sejm",46.58,"M"
"2007-10-21","Sejm",57.03,"M"
"2007-10-21","Sejm",37.9,"K"
"2007-10-21","Sejm",50.39,"M"
"2007-10-21","Sejm",28.64,"M"
"2007-10-21","Sejm",51.13,"M"
"2007-10-21","Sejm",56.99,"M"
"2007-10-21","Sejm",47.95,"K"
"2007-10-21","Sejm",53.17,"M"
"2007-10-21","Sejm",52.56,"M"
"2007-10-21","Sejm",40.02,"M"
"2007-10-21","Sejm",47.48,"M"
"2007-10-21","Sejm",43.02,"M"
"2007-10-21","Sejm",52.24,"M"
"2007-10-21","Sejm",41.31,"M"
"2007-10-21","Sejm",50.28,"M"
"2007-10-21","Sejm",48.39,"M"
"2007-10-21","Sejm",49.02,"M"
"2007-10-21","Sejm",41.69,"M"
"2007-10-21","Sejm",78.73,"M"
"2007-10-21","Sejm",46.51,"M"
"2007-10-21","Sejm",50.22,"M"
"2007-10-21","Sejm",43.65,"M"
"2007-10-21","Sejm",38.89,"M"
"2007-10-21","Sejm",45.16,"K"
"2007-10-21","Sejm",48.06,"M"
"2007-10-21","Sejm",51.14,"M"
"2007-10-21","Sejm",52.25,"M"
"2007-10-21","Sejm",54.98,"M"
"2007-10-21","Sejm",40.43,"M"
"2007-10-21","Sejm",37.25,"M"
"2007-10-21","Sejm",47.53,"M"
"2007-10-21","Sejm",53.22,"M"
"2007-10-21","Sejm",52.98,"M"
"2007-10-21","Sejm",52.32,"M"
"2007-10-21","Sejm",40.93,"K"
"2007-10-21","Sejm",61.73,"K"
"2007-10-21","Sejm",47.18,"K"
"2007-10-21","Sejm",54.55,"M"
"2007-10-21","Sejm",59.25,"M"
"2007-10-21","Sejm",46.81,"K"
"2007-10-21","Sejm",39.67,"M"
"2007-10-21","Sejm",53.47,"K"
"2007-10-21","Sejm",23.67,"M"
"2007-10-21","Sejm",60.44,"K"
"2007-10-21","Sejm",57.98,"M"
"2007-10-21","Sejm",57.36,"K"
"2007-10-21","Sejm",64.05,"K"
"2007-10-21","Sejm",51.61,"M"
"2007-10-21","Sejm",32.33,"K"
"2007-10-21","Sejm",45.11,"M"
"2007-10-21","Sejm",48.22,"M"
"2007-10-21","Sejm",47.66,"M"
"2007-10-21","Sejm",39.77,"M"
"2007-10-21","Sejm",33.42,"M"
"2007-10-21","Sejm",40.03,"K"
"2007-10-21","Sejm",53.2,"M"
"2007-10-21","Sejm",54.1,"M"
"2007-10-21","Sejm",56.45,"M"
"2007-10-21","Sejm",57.29,"M"
"2007-10-21","Sejm",56.82,"M"
"2007-10-21","Sejm",49.44,"K"
"2007-10-21","Sejm",53.36,"M"
"2007-10-21","Sejm",45.75,"M"
"2007-10-21","Sejm",55.29,"M"
"2007-10-21","Sejm",43.28,"M"
"2007-10-21","Sejm",48.45,"K"
"2007-10-21","Sejm",31.55,"K"
"2007-10-21","Sejm",36.73,"M"
"2007-10-21","Sejm",52.74,"M"
"2007-10-21","Sejm",53.42,"M"
"2007-10-21","Sejm",48.11,"M"
"2007-10-21","Sejm",33.62,"M"
"2007-10-21","Sejm",48.7,"K"
"2007-10-21","Sejm",39.5,"M"
"2007-10-21","Sejm",63.75,"M"
"2007-10-21","Sejm",34.51,"M"
"2007-10-21","Sejm",57.6,"K"
"2007-10-21","Sejm",32.88,"M"
"2007-10-21","Sejm",50.86,"M"
"2007-10-21","Sejm",36.02,"M"
"2007-10-21","Sejm",54.11,"K"
"2007-10-21","Sejm",35.44,"K"
"2007-10-21","Sejm",70.36,"M"
"2007-10-21","Sejm",51.73,"K"
"2007-10-21","Sejm",55.59,"K"
"2007-10-21","Sejm",33.55,"M"
"2007-10-21","Sejm",27.88,"M"
"2007-10-21","Sejm",35.47,"M"
"2007-10-21","Sejm",31.09,"M"
"2007-10-21","Sejm",44.98,"M"
"2007-10-21","Sejm",36.49,"M"
"2007-10-21","Sejm",39.17,"M"
"2007-10-21","Sejm",49.18,"M"
"2007-10-21","Sejm",43.12,"M"
"2007-10-21","Sejm",54.44,"M"
"2007-10-21","Sejm",56.19,"M"
"2007-10-21","Sejm",45.9,"M"
"2007-10-21","Sejm",43.01,"M"
"2007-10-21","Sejm",47.59,"K"
"2007-10-21","Sejm",50.83,"M"
"2007-10-21","Sejm",65.6,"M"
"2007-10-21","Sejm",48.16,"M"
"2007-10-21","Sejm",53.12,"M"
"2007-10-21","Sejm",47.63,"M"
"2007-10-21","Sejm",47.84,"M"
"2007-10-21","Sejm",53.33,"K"
"2007-10-21","Sejm",60.5,"K"
"2007-10-21","Sejm",42.84,"M"
"2007-10-21","Sejm",36.48,"M"
"2007-10-21","Sejm",33.48,"M"
"2007-10-21","Sejm",52.74,"K"
"2007-10-21","Sejm",37.64,"M"
"2007-10-21","Sejm",54.44,"K"
"2007-10-21","Sejm",49.5,"M"
"2007-10-21","Sejm",37.28,"M"
"2007-10-21","Sejm",49.73,"M"
"2007-10-21","Sejm",46.19,"M"
"2007-10-21","Sejm",43.95,"M"
"2007-10-21","Sejm",46.78,"M"
"2007-10-21","Sejm",39.2,"M"
"2007-10-21","Sejm",38.45,"M"
"2007-10-21","Sejm",51.71,"M"
"2007-10-21","Sejm",55.27,"M"
"2007-10-21","Sejm",64.5,"K"
"2007-10-21","Sejm",50.33,"M"
"2007-10-21","Sejm",34.52,"M"
"2007-10-21","Sejm",64.61,"M"
"2007-10-21","Sejm",32.55,"M"
"2007-10-21","Sejm",49.82,"K"
"2007-10-21","Sejm",52.37,"K"
"2007-10-21","Sejm",49.05,"M"
"2007-10-21","Sejm",37.31,"M"
"2007-10-21","Sejm",35.08,"M"
"2007-10-21","Sejm",61.96,"M"
"2007-10-21","Sejm",68.89,"M"
"2007-10-21","Sejm",47.73,"M"
"2007-10-21","Sejm",31.69,"M"
"2007-10-21","Sejm",57.63,"M"
"2007-10-21","Sejm",50.35,"K"
"2007-10-21","Sejm",69.65,"M"
"2007-10-21","Sejm",51.87,"M"
"2007-10-21","Sejm",57.45,"K"
"2007-10-21","Sejm",46.28,"M"
"2007-10-21","Sejm",28.9,"M"
"2007-10-21","Sejm",54.81,"M"
"2007-10-21","Sejm",47.36,"M"
"2007-10-21","Sejm",57.66,"M"
"2007-10-21","Sejm",44.08,"M"
"2007-10-21","Sejm",54.56,"M"
"2007-10-21","Sejm",55.41,"M"
"2007-10-21","Sejm",31.9,"K"
"2007-10-21","Sejm",38.59,"M"
"2007-10-21","Sejm",49.57,"M"
"2007-10-21","Sejm",44.7,"M"
"2007-10-21","Sejm",52.37,"M"
"2007-10-21","Sejm",38.56,"M"
"2007-10-21","Sejm",44.5,"M"
"2007-10-21","Sejm",58.76,"K"
"2007-10-21","Sejm",44.32,"M"
"2007-10-21","Sejm",51.76,"M"
"2007-10-21","Sejm",61.12,"K"
"2007-10-21","Sejm",41.35,"K"
"2007-10-21","Sejm",44.69,"M"
"2007-10-21","Sejm",62.23,"M"
"2007-10-21","Sejm",51.89,"M"
"2007-10-21","Sejm",53.28,"K"
"2007-10-21","Sejm",30.69,"K"
"2007-10-21","Sejm",50.18,"M"
"2007-10-21","Sejm",59.44,"K"
"2007-10-21","Sejm",69.16,"M"
"2007-10-21","Sejm",41.24,"M"
"2007-10-21","Sejm",56.61,"K"
"2007-10-21","Sejm",39.48,"M"
"2007-10-21","Sejm",56.49,"M"
"2007-10-21","Sejm",52.24,"M"
"2007-10-21","Sejm",50.28,"M"
"2007-10-21","Sejm",47.4,"K"
"2007-10-21","Sejm",44.08,"M"
"2007-10-21","Sejm",66.63,"M"
"2007-10-21","Sejm",63.42,"M"
"2007-10-21","Sejm",53,"K"
"2007-10-21","Sejm",50.84,"M"
"2007-10-21","Sejm",57.13,"M"
"2007-10-21","Sejm",49.39,"M"
"2007-10-21","Sejm",43.39,"M"
"2007-10-21","Sejm",47.83,"M"
"2007-10-21","Sejm",51.88,"M"
"2007-10-21","Sejm",47.42,"M"
"2007-10-21","Sejm",29.87,"M"
"2007-10-21","Sejm",44.01,"M"
"2007-10-21","Sejm",50.36,"K"
"2007-10-21","Sejm",48.97,"M"
"2007-10-21","Sejm",60.79,"M"
"2007-10-21","Sejm",55.57,"M"
"2007-10-21","Sejm",45.44,"M"
"2007-10-21","Sejm",33.85,"M"
"2007-10-21","Sejm",51.35,"K"
"2007-10-21","Sejm",52.56,"M"
"2007-10-21","Sejm",44.55,"K"
"2007-10-21","Sejm",56.56,"K"
"2007-10-21","Sejm",53.31,"K"
"2007-10-21","Sejm",63.55,"M"
"2007-10-21","Sejm",66.84,"K"
"2007-10-21","Sejm",57.46,"M"
"2007-10-21","Sejm",38.53,"M"
"2007-10-21","Sejm",58.17,"M"
"2007-10-21","Sejm",42,"M"
"2007-10-21","Sejm",58.8,"M"
"2007-10-21","Sejm",38.35,"M"
"2007-10-21","Sejm",52.93,"K"
"2007-10-21","Sejm",48.7,"M"
"2007-10-21","Sejm",34.26,"M"
"2007-10-21","Sejm",23.17,"M"
"2007-10-21","Sejm",46.67,"M"
"2007-10-21","Sejm",50.53,"M"
"2007-10-21","Sejm",22.09,"M"
"2007-10-21","Sejm",27.61,"M"
"2007-10-21","Sejm",44.4,"M"
"2007-10-21","Sejm",43.26,"M"
"2007-10-21","Sejm",44.42,"M"
"2007-10-21","Sejm",41.23,"M"
"2007-10-21","Sejm",54.69,"M"
"2007-10-21","Sejm",46.78,"M"
"2007-10-21","Sejm",31.12,"M"
"2007-10-21","Sejm",51.88,"K"
"2007-10-21","Sejm",58.13,"M"
"2007-10-21","Sejm",46.69,"M"
"2007-10-21","Sejm",53.53,"M"
"2007-10-21","Sejm",39.12,"M"
"2007-10-21","Sejm",62.86,"M"
"2007-10-21","Sejm",59.83,"M"
"2007-10-21","Sejm",34.07,"K"
"2007-10-21","Sejm",41.44,"M"
"2007-10-21","Sejm",35.21,"M"
"2007-10-21","Sejm",44.33,"K"
"2007-10-21","Sejm",54.59,"M"
"2007-10-21","Sejm",49.88,"K"
"2007-10-21","Sejm",33.4,"M"
"2007-10-21","Sejm",61.22,"M"
"2007-10-21","Sejm",30.96,"M"
"2007-10-21","Sejm",52.68,"M"
"2007-10-21","Sejm",61.37,"M"
"2007-10-21","Sejm",39.68,"M"
"2007-10-21","Sejm",47.42,"K"
"2007-10-21","Sejm",40.09,"M"
"2007-10-21","Sejm",47.8,"M"
"2007-10-21","Sejm",27.59,"M"
"2007-10-21","Sejm",40.84,"M"
"2007-10-21","Sejm",44.05,"K"
"2007-10-21","Sejm",62.04,"M"
"2007-10-21","Sejm",47.97,"M"
"2007-10-21","Sejm",42.88,"M"
"2007-10-21","Sejm",58.51,"M"
"2007-10-21","Sejm",57,"K"
"2007-10-21","Sejm",42.32,"K"
"2007-10-21","Sejm",43.1,"M"
"2007-10-21","Sejm",40.39,"K"
"2007-10-21","Sejm",56.2,"M"
"2007-10-21","Sejm",49.49,"M"
"2007-10-21","Sejm",44.4,"M"
"2007-10-21","Sejm",29.68,"M"
"2007-10-21","Sejm",52.5,"M"
"2007-10-21","Sejm",48.61,"K"
"2007-10-21","Sejm",50.46,"M"
"2007-10-21","Sejm",58.69,"M"
"2007-10-21","Sejm",58.1,"K"
"2007-10-21","Sejm",47.12,"M"
"2007-10-21","Sejm",55.07,"M"
"2007-10-21","Sejm",51.61,"M"
"2007-10-21","Sejm",50.92,"M"
"2007-10-21","Sejm",37.2,"M"
"2007-10-21","Sejm",56.58,"K"
"2007-10-21","Sejm",69.63,"M"
"2007-10-21","Sejm",40.47,"M"
"2007-10-21","Sejm",34.79,"M"
"2007-10-21","Sejm",63.58,"M"
"2007-10-21","Sejm",50.89,"M"
"2007-10-21","Sejm",43.07,"M"
"2007-10-21","Sejm",49.73,"M"
"2007-10-21","Senat",58.05,"M"
"2007-10-21","Senat",36.59,"K"
"2007-10-21","Senat",65.84,"M"
"2007-10-21","Senat",39.7,"K"
"2007-10-21","Senat",52.21,"M"
"2007-10-21","Senat",46.89,"M"
"2007-10-21","Senat",75.73,"M"
"2007-10-21","Senat",55.71,"M"
"2007-10-21","Senat",56.07,"M"
"2007-10-21","Senat",30.13,"M"
"2007-10-21","Senat",54.35,"K"
"2007-10-21","Senat",58.81,"M"
"2007-10-21","Senat",70.01,"K"
"2007-10-21","Senat",54.19,"M"
"2007-10-21","Senat",54.87,"M"
"2007-10-21","Senat",57.32,"M"
"2007-10-21","Senat",57.14,"M"
"2007-10-21","Senat",43.05,"M"
"2007-10-21","Senat",48.32,"M"
"2007-10-21","Senat",54.84,"M"
"2007-10-21","Senat",49.11,"M"
"2007-10-21","Senat",43.51,"M"
"2007-10-21","Senat",55.39,"K"
"2007-10-21","Senat",40.28,"M"
"2007-10-21","Senat",48,"M"
"2007-10-21","Senat",49.27,"M"
"2007-10-21","Senat",56.72,"M"
"2007-10-21","Senat",58.73,"M"
"2007-10-21","Senat",39.19,"M"
"2007-10-21","Senat",49.64,"M"
"2007-10-21","Senat",45.93,"M"
"2007-10-21","Senat",55.41,"M"
"2007-10-21","Senat",38.75,"M"
"2007-10-21","Senat",58.39,"M"
"2007-10-21","Senat",51.66,"M"
"2007-10-21","Senat",46.25,"M"
"2007-10-21","Senat",39.35,"M"
"2007-10-21","Senat",51.97,"M"
"2007-10-21","Senat",59.44,"M"
"2007-10-21","Senat",49.7,"M"
"2007-10-21","Senat",48.77,"M"
"2007-10-21","Senat",39.22,"M"
"2007-10-21","Senat",58.24,"M"
"2007-10-21","Senat",54.01,"M"
"2007-10-21","Senat",46.6,"M"
"2007-10-21","Senat",55.22,"M"
"2007-10-21","Senat",46.55,"M"
"2007-10-21","Senat",57.12,"M"
"2007-10-21","Senat",44.16,"M"
"2007-10-21","Senat",36.46,"M"
"2007-10-21","Senat",50.18,"M"
"2007-10-21","Senat",50.59,"M"
"2007-10-21","Senat",65.42,"M"
"2007-10-21","Senat",44.48,"M"
"2007-10-21","Senat",55.79,"M"
"2007-10-21","Senat",34.31,"M"
"2007-10-21","Senat",45.92,"M"
"2007-10-21","Senat",66.41,"M"
"2007-10-21","Senat",52.75,"M"
"2007-10-21","Senat",54.62,"M"
"2007-10-21","Senat",54.1,"M"
"2007-10-21","Senat",56.23,"M"
"2007-10-21","Senat",53.35,"M"
"2007-10-21","Senat",57.37,"M"
"2007-10-21","Senat",65.33,"K"
"2007-10-21","Senat",42.75,"M"
"2007-10-21","Senat",64.12,"M"
"2007-10-21","Senat",56.48,"M"
"2007-10-21","Senat",65.51,"M"
"2007-10-21","Senat",62.03,"M"
"2007-10-21","Senat",55.29,"M"
"2007-10-21","Senat",47.56,"M"
"2007-10-21","Senat",61.24,"M"
"2007-10-21","Senat",54.47,"M"
"2007-10-21","Senat",67.85,"M"
"2007-10-21","Senat",63.96,"K"
"2007-10-21","Senat",63.55,"M"
"2007-10-21","Senat",61.34,"M"
"2007-10-21","Senat",58.88,"M"
"2007-10-21","Senat",52.15,"M"
"2007-10-21","Senat",62.13,"M"
"2007-10-21","Senat",48.23,"M"
"2007-10-21","Senat",37.9,"M"
"2007-10-21","Senat",34.77,"M"
"2007-10-21","Senat",44.78,"M"
"2007-10-21","Senat",52.9,"M"
"2007-10-21","Senat",37.69,"M"
"2007-10-21","Senat",52.88,"K"
"2007-10-21","Senat",49.53,"M"
"2007-10-21","Senat",62.95,"M"
"2007-10-21","Senat",52.71,"M"
"2007-10-21","Senat",36.55,"M"
"2007-10-21","Senat",59.97,"M"
"2007-10-21","Senat",47.19,"M"
"2007-10-21","Senat",53.63,"M"
"2007-10-21","Senat",50.11,"M"
"2007-10-21","Senat",60.19,"M"
"2007-10-21","Senat",34.88,"M"
"2007-10-21","Senat",55.55,"M"
"2007-10-21","Senat",58.67,"M"
"2011-10-09","Sejm",50.62,"M"
"2011-10-09","Sejm",40.56,"K"
"2011-10-09","Sejm",52.8,"M"
"2011-10-09","Sejm",62.76,"M"
"2011-10-09","Sejm",53.21,"M"
"2011-10-09","Sejm",40.09,"M"
"2011-10-09","Sejm",43.67,"K"
"2011-10-09","Sejm",50.69,"M"
"2011-10-09","Sejm",43.38,"K"
"2011-10-09","Sejm",55.95,"M"
"2011-10-09","Sejm",39.8,"M"
"2011-10-09","Sejm",57.75,"M"
"2011-10-09","Sejm",53.07,"M"
"2011-10-09","Sejm",47.13,"K"
"2011-10-09","Sejm",50.97,"M"
"2011-10-09","Sejm",58.49,"M"
"2011-10-09","Sejm",42.11,"M"
"2011-10-09","Sejm",38.53,"M"
"2011-10-09","Sejm",36.35,"M"
"2011-10-09","Sejm",65.49,"K"
"2011-10-09","Sejm",43.64,"M"
"2011-10-09","Sejm",44.3,"K"
"2011-10-09","Sejm",51.31,"M"
"2011-10-09","Sejm",53.8,"M"
"2011-10-09","Sejm",51.68,"M"
"2011-10-09","Sejm",59.82,"M"
"2011-10-09","Sejm",35.51,"M"
"2011-10-09","Sejm",52.48,"M"
"2011-10-09","Sejm",51.19,"M"
"2011-10-09","Sejm",34.63,"M"
"2011-10-09","Sejm",42.08,"M"
"2011-10-09","Sejm",44.51,"K"
"2011-10-09","Sejm",39.15,"M"
"2011-10-09","Sejm",52.69,"M"
"2011-10-09","Sejm",65.52,"M"
"2011-10-09","Sejm",54.15,"M"
"2011-10-09","Sejm",47.19,"M"
"2011-10-09","Sejm",53.93,"M"
"2011-10-09","Sejm",36.52,"M"
"2011-10-09","Sejm",39.02,"M"
"2011-10-09","Sejm",28.42,"M"
"2011-10-09","Sejm",43.71,"M"
"2011-10-09","Sejm",45.14,"M"
"2011-10-09","Sejm",36.64,"K"
"2011-10-09","Sejm",48.63,"K"
"2011-10-09","Sejm",33.6,"M"
"2011-10-09","Sejm",60.4,"M"
"2011-10-09","Sejm",59.69,"K"
"2011-10-09","Sejm",46.15,"M"
"2011-10-09","Sejm",48.05,"M"
"2011-10-09","Sejm",52.39,"K"
"2011-10-09","Sejm",50.64,"M"
"2011-10-09","Sejm",41.83,"M"
"2011-10-09","Sejm",57.08,"M"
"2011-10-09","Sejm",46.48,"M"
"2011-10-09","Sejm",33.72,"K"
"2011-10-09","Sejm",54.79,"M"
"2011-10-09","Sejm",33.19,"M"
"2011-10-09","Sejm",71.28,"M"
"2011-10-09","Sejm",62.92,"K"
"2011-10-09","Sejm",58.53,"M"
"2011-10-09","Sejm",45.52,"M"
"2011-10-09","Sejm",57.78,"M"
"2011-10-09","Sejm",47.14,"M"
"2011-10-09","Sejm",61.07,"K"
"2011-10-09","Sejm",56.96,"M"
"2011-10-09","Sejm",60.67,"M"
"2011-10-09","Sejm",62.12,"M"
"2011-10-09","Sejm",55.32,"K"
"2011-10-09","Sejm",50.11,"M"
"2011-10-09","Sejm",41.81,"M"
"2011-10-09","Sejm",44.38,"M"
"2011-10-09","Sejm",45.88,"M"
"2011-10-09","Sejm",47.02,"M"
"2011-10-09","Sejm",57.38,"M"
"2011-10-09","Sejm",48.04,"K"
"2011-10-09","Sejm",39.42,"M"
"2011-10-09","Sejm",42.61,"M"
"2011-10-09","Sejm",53,"M"
"2011-10-09","Sejm",36.64,"M"
"2011-10-09","Sejm",30.2,"M"
"2011-10-09","Sejm",57.87,"M"
"2011-10-09","Sejm",52.25,"M"
"2011-10-09","Sejm",62.85,"M"
"2011-10-09","Sejm",56.8,"M"
"2011-10-09","Sejm",61.3,"K"
"2011-10-09","Sejm",60.73,"M"
"2011-10-09","Sejm",63.99,"M"
"2011-10-09","Sejm",66.59,"M"
"2011-10-09","Sejm",54.78,"K"
"2011-10-09","Sejm",49.19,"M"
"2011-10-09","Sejm",55.25,"M"
"2011-10-09","Sejm",67.52,"M"
"2011-10-09","Sejm",51.05,"K"
"2011-10-09","Sejm",32.78,"M"
"2011-10-09","Sejm",42.89,"M"
"2011-10-09","Sejm",44.77,"M"
"2011-10-09","Sejm",27.83,"K"
"2011-10-09","Sejm",56.5,"K"
"2011-10-09","Sejm",34.1,"M"
"2011-10-09","Sejm",32.49,"M"
"2011-10-09","Sejm",38.59,"M"
"2011-10-09","Sejm",55.62,"M"
"2011-10-09","Sejm",55.36,"M"
"2011-10-09","Sejm",36.8,"M"
"2011-10-09","Sejm",40.9,"M"
"2011-10-09","Sejm",45.49,"M"
"2011-10-09","Sejm",47.71,"M"
"2011-10-09","Sejm",45.25,"K"
"2011-10-09","Sejm",49.88,"M"
"2011-10-09","Sejm",38.82,"M"
"2011-10-09","Sejm",40.69,"M"
"2011-10-09","Sejm",41.72,"M"
"2011-10-09","Sejm",38.18,"M"
"2011-10-09","Sejm",51.49,"M"
"2011-10-09","Sejm",49.47,"M"
"2011-10-09","Sejm",38.42,"M"
"2011-10-09","Sejm",47.66,"M"
"2011-10-09","Sejm",57.61,"K"
"2011-10-09","Sejm",59.07,"M"
"2011-10-09","Sejm",56.82,"M"
"2011-10-09","Sejm",50.98,"M"
"2011-10-09","Sejm",37.69,"K"
"2011-10-09","Sejm",49.9,"M"
"2011-10-09","Sejm",54.61,"K"
"2011-10-09","Sejm",48.77,"K"
"2011-10-09","Sejm",37.31,"M"
"2011-10-09","Sejm",57.67,"M"
"2011-10-09","Sejm",31.4,"M"
"2011-10-09","Sejm",58.36,"M"
"2011-10-09","Sejm",64.12,"K"
"2011-10-09","Sejm",66.05,"K"
"2011-10-09","Sejm",58.5,"M"
"2011-10-09","Sejm",66.99,"M"
"2011-10-09","Sejm",60.08,"M"
"2011-10-09","Sejm",38.59,"M"
"2011-10-09","Sejm",26.43,"M"
"2011-10-09","Sejm",47.54,"M"
"2011-10-09","Sejm",49.76,"K"
"2011-10-09","Sejm",54.08,"M"
"2011-10-09","Sejm",30.72,"M"
"2011-10-09","Sejm",36.84,"M"
"2011-10-09","Sejm",63.56,"M"
"2011-10-09","Sejm",35.16,"M"
"2011-10-09","Sejm",40.84,"M"
"2011-10-09","Sejm",49.48,"M"
"2011-10-09","Sejm",32.76,"M"
"2011-10-09","Sejm",57.93,"M"
"2011-10-09","Sejm",23.53,"M"
"2011-10-09","Sejm",35.17,"M"
"2011-10-09","Sejm",55.13,"M"
"2011-10-09","Sejm",62.35,"M"
"2011-10-09","Sejm",64,"M"
"2011-10-09","Sejm",54.65,"M"
"2011-10-09","Sejm",46.15,"K"
"2011-10-09","Sejm",46.07,"M"
"2011-10-09","Sejm",33.55,"M"
"2011-10-09","Sejm",31.97,"M"
"2011-10-09","Sejm",48.47,"M"
"2011-10-09","Sejm",49.93,"M"
"2011-10-09","Sejm",58.57,"M"
"2011-10-09","Sejm",50.01,"M"
"2011-10-09","Sejm",61.56,"M"
"2011-10-09","Sejm",45.69,"K"
"2011-10-09","Sejm",35.87,"M"
"2011-10-09","Sejm",54.47,"K"
"2011-10-09","Sejm",35.15,"M"
"2011-10-09","Sejm",58.3,"M"
"2011-10-09","Sejm",48.45,"K"
"2011-10-09","Sejm",47.85,"K"
"2011-10-09","Sejm",57.94,"M"
"2011-10-09","Sejm",57.28,"K"
"2011-10-09","Sejm",35.84,"M"
"2011-10-09","Sejm",47.66,"M"
"2011-10-09","Sejm",57.89,"M"
"2011-10-09","Sejm",61.74,"K"
"2011-10-09","Sejm",61.45,"K"
"2011-10-09","Sejm",39,"K"
"2011-10-09","Sejm",48.36,"M"
"2011-10-09","Sejm",48.6,"M"
"2011-10-09","Sejm",33.12,"K"
"2011-10-09","Sejm",37.57,"M"
"2011-10-09","Sejm",54.88,"K"
"2011-10-09","Sejm",53.05,"K"
"2011-10-09","Sejm",35.8,"M"
"2011-10-09","Sejm",56.81,"M"
"2011-10-09","Sejm",45.68,"M"
"2011-10-09","Sejm",44.6,"M"
"2011-10-09","Sejm",55.27,"M"
"2011-10-09","Sejm",50.52,"M"
"2011-10-09","Sejm",32.18,"M"
"2011-10-09","Sejm",43.72,"M"
"2011-10-09","Sejm",61,"M"
"2011-10-09","Sejm",48.19,"K"
"2011-10-09","Sejm",41.87,"K"
"2011-10-09","Sejm",54.36,"M"
"2011-10-09","Sejm",32.61,"M"
"2011-10-09","Sejm",62.7,"K"
"2011-10-09","Sejm",60.96,"M"
"2011-10-09","Sejm",37.24,"M"
"2011-10-09","Sejm",51.92,"K"
"2011-10-09","Sejm",30.49,"M"
"2011-10-09","Sejm",43.99,"M"
"2011-10-09","Sejm",39.67,"M"
"2011-10-09","Sejm",56.21,"M"
"2011-10-09","Sejm",55.75,"K"
"2011-10-09","Sejm",55.09,"M"
"2011-10-09","Sejm",38.86,"M"
"2011-10-09","Sejm",41.48,"M"
"2011-10-09","Sejm",40.43,"M"
"2011-10-09","Sejm",54.19,"M"
"2011-10-09","Sejm",68.01,"M"
"2011-10-09","Sejm",47.62,"M"
"2011-10-09","Sejm",42.86,"M"
"2011-10-09","Sejm",49.13,"K"
"2011-10-09","Sejm",57.52,"M"
"2011-10-09","Sejm",52.03,"M"
"2011-10-09","Sejm",55.11,"M"
"2011-10-09","Sejm",41.22,"M"
"2011-10-09","Sejm",40.25,"M"
"2011-10-09","Sejm",51.5,"M"
"2011-10-09","Sejm",47.48,"K"
"2011-10-09","Sejm",57.19,"M"
"2011-10-09","Sejm",64.18,"M"
"2011-10-09","Sejm",56.29,"M"
"2011-10-09","Sejm",65.7,"K"
"2011-10-09","Sejm",51.15,"K"
"2011-10-09","Sejm",63.22,"M"
"2011-10-09","Sejm",38.63,"M"
"2011-10-09","Sejm",50.78,"K"
"2011-10-09","Sejm",43.64,"M"
"2011-10-09","Sejm",57.44,"K"
"2011-10-09","Sejm",37.02,"M"
"2011-10-09","Sejm",49.73,"K"
"2011-10-09","Sejm",32.84,"K"
"2011-10-09","Sejm",61.33,"K"
"2011-10-09","Sejm",27.08,"M"
"2011-10-09","Sejm",55.58,"M"
"2011-10-09","Sejm",50.65,"M"
"2011-10-09","Sejm",36.3,"K"
"2011-10-09","Sejm",49.08,"M"
"2011-10-09","Sejm",52.19,"M"
"2011-10-09","Sejm",44,"K"
"2011-10-09","Sejm",57.17,"M"
"2011-10-09","Sejm",58.07,"M"
"2011-10-09","Sejm",65.31,"M"
"2011-10-09","Sejm",57.27,"M"
"2011-10-09","Sejm",60.79,"M"
"2011-10-09","Sejm",49.72,"M"
"2011-10-09","Sejm",47.25,"M"
"2011-10-09","Sejm",38.55,"M"
"2011-10-09","Sejm",52.42,"K"
"2011-10-09","Sejm",35.52,"K"
"2011-10-09","Sejm",40.7,"M"
"2011-10-09","Sejm",50.28,"M"
"2011-10-09","Sejm",60.72,"M"
"2011-10-09","Sejm",33.58,"M"
"2011-10-09","Sejm",37.59,"M"
"2011-10-09","Sejm",47.59,"K"
"2011-10-09","Sejm",43.47,"M"
"2011-10-09","Sejm",47.17,"K"
"2011-10-09","Sejm",41.98,"K"
"2011-10-09","Sejm",67.72,"M"
"2011-10-09","Sejm",61.57,"K"
"2011-10-09","Sejm",36.85,"M"
"2011-10-09","Sejm",54.83,"M"
"2011-10-09","Sejm",54.92,"K"
"2011-10-09","Sejm",58.08,"K"
"2011-10-09","Sejm",39.41,"K"
"2011-10-09","Sejm",56.32,"K"
"2011-10-09","Sejm",55.7,"K"
"2011-10-09","Sejm",39.02,"M"
"2011-10-09","Sejm",31.85,"M"
"2011-10-09","Sejm",35.06,"M"
"2011-10-09","Sejm",48.95,"M"
"2011-10-09","Sejm",40.46,"M"
"2011-10-09","Sejm",43.14,"M"
"2011-10-09","Sejm",53.15,"M"
"2011-10-09","Sejm",47.08,"M"
"2011-10-09","Sejm",67.35,"K"
"2011-10-09","Sejm",58.41,"M"
"2011-10-09","Sejm",60.16,"M"
"2011-10-09","Sejm",25.96,"M"
"2011-10-09","Sejm",49.87,"M"
"2011-10-09","Sejm",46.98,"M"
"2011-10-09","Sejm",51.56,"K"
"2011-10-09","Sejm",34.67,"M"
"2011-10-09","Sejm",69.57,"M"
"2011-10-09","Sejm",52.13,"M"
"2011-10-09","Sejm",59.53,"K"
"2011-10-09","Sejm",37.42,"M"
"2011-10-09","Sejm",50.36,"K"
"2011-10-09","Sejm",42.13,"M"
"2011-10-09","Sejm",57.09,"M"
"2011-10-09","Sejm",51.6,"M"
"2011-10-09","Sejm",51.81,"M"
"2011-10-09","Sejm",57.3,"K"
"2011-10-09","Sejm",64.47,"K"
"2011-10-09","Sejm",51.58,"M"
"2011-10-09","Sejm",46.81,"M"
"2011-10-09","Sejm",40.45,"M"
"2011-10-09","Sejm",46.84,"M"
"2011-10-09","Sejm",59.26,"M"
"2011-10-09","Sejm",56.71,"K"
"2011-10-09","Sejm",58.41,"K"
"2011-10-09","Sejm",53.47,"M"
"2011-10-09","Sejm",41.25,"M"
"2011-10-09","Sejm",51.62,"M"
"2011-10-09","Sejm",50.16,"M"
"2011-10-09","Sejm",47.92,"M"
"2011-10-09","Sejm",50.75,"M"
"2011-10-09","Sejm",31.77,"K"
"2011-10-09","Sejm",55.68,"M"
"2011-10-09","Sejm",59.34,"K"
"2011-10-09","Sejm",54.61,"K"
"2011-10-09","Sejm",27,"M"
"2011-10-09","Sejm",68.47,"K"
"2011-10-09","Sejm",52.81,"M"
"2011-10-09","Sejm",68.58,"M"
"2011-10-09","Sejm",36.52,"M"
"2011-10-09","Sejm",53.79,"K"
"2011-10-09","Sejm",56.34,"K"
"2011-10-09","Sejm",41.28,"M"
"2011-10-09","Sejm",39.05,"M"
"2011-10-09","Sejm",51.7,"M"
"2011-10-09","Sejm",35.66,"M"
"2011-10-09","Sejm",61.6,"M"
"2011-10-09","Sejm",43.97,"M"
"2011-10-09","Sejm",65.21,"M"
"2011-10-09","Sejm",42.59,"M"
"2011-10-09","Sejm",61.42,"K"
"2011-10-09","Sejm",50.25,"M"
"2011-10-09","Sejm",49.74,"K"
"2011-10-09","Sejm",32.87,"M"
"2011-10-09","Sejm",27.53,"M"
"2011-10-09","Sejm",51.33,"M"
"2011-10-09","Sejm",36.88,"M"
"2011-10-09","Sejm",48.05,"M"
"2011-10-09","Sejm",54.05,"M"
"2011-10-09","Sejm",50.72,"M"
"2011-10-09","Sejm",35.87,"K"
"2011-10-09","Sejm",33.82,"M"
"2011-10-09","Sejm",42.56,"M"
"2011-10-09","Sejm",41.95,"M"
"2011-10-09","Sejm",53.54,"M"
"2011-10-09","Sejm",48.67,"M"
"2011-10-09","Sejm",50.68,"M"
"2011-10-09","Sejm",55.51,"K"
"2011-10-09","Sejm",42.53,"M"
"2011-10-09","Sejm",48.47,"M"
"2011-10-09","Sejm",48.29,"M"
"2011-10-09","Sejm",49.36,"K"
"2011-10-09","Sejm",55.73,"M"
"2011-10-09","Sejm",48.66,"M"
"2011-10-09","Sejm",57.25,"K"
"2011-10-09","Sejm",63.41,"K"
"2011-10-09","Sejm",40.11,"M"
"2011-10-09","Sejm",45.21,"M"
"2011-10-09","Sejm",60.58,"K"
"2011-10-09","Sejm",47.86,"M"
"2011-10-09","Sejm",56.21,"M"
"2011-10-09","Sejm",51.37,"K"
"2011-10-09","Sejm",67.39,"M"
"2011-10-09","Sejm",48.63,"M"
"2011-10-09","Sejm",54.14,"M"
"2011-10-09","Sejm",54.44,"M"
"2011-10-09","Sejm",53.36,"M"
"2011-10-09","Sejm",47.36,"M"
"2011-10-09","Sejm",51.8,"M"
"2011-10-09","Sejm",42.73,"M"
"2011-10-09","Sejm",55.85,"M"
"2011-10-09","Sejm",33.84,"M"
"2011-10-09","Sejm",38.51,"M"
"2011-10-09","Sejm",54.33,"K"
"2011-10-09","Sejm",52.94,"M"
"2011-10-09","Sejm",34.01,"M"
"2011-10-09","Sejm",64.76,"M"
"2011-10-09","Sejm",51.12,"M"
"2011-10-09","Sejm",49.41,"M"
"2011-10-09","Sejm",58.21,"M"
"2011-10-09","Sejm",37.82,"M"
"2011-10-09","Sejm",55.32,"K"
"2011-10-09","Sejm",56.53,"M"
"2011-10-09","Sejm",48.52,"K"
"2011-10-09","Sejm",60.54,"K"
"2011-10-09","Sejm",33.48,"M"
"2011-10-09","Sejm",62.53,"K"
"2011-10-09","Sejm",67.52,"M"
"2011-10-09","Sejm",70.81,"K"
"2011-10-09","Sejm",56.41,"M"
"2011-10-09","Sejm",55.85,"M"
"2011-10-09","Sejm",64.52,"M"
"2011-10-09","Sejm",41.41,"M"
"2011-10-09","Sejm",61.43,"M"
"2011-10-09","Sejm",42.5,"M"
"2011-10-09","Sejm",62.14,"M"
"2011-10-09","Sejm",45.97,"M"
"2011-10-09","Sejm",62.22,"K"
"2011-10-09","Sejm",42.32,"M"
"2011-10-09","Sejm",63.79,"M"
"2011-10-09","Sejm",52.67,"M"
"2011-10-09","Sejm",38.23,"M"
"2011-10-09","Sejm",27.14,"M"
"2011-10-09","Sejm",50.64,"M"
"2011-10-09","Sejm",44.33,"K"
"2011-10-09","Sejm",54.5,"M"
"2011-10-09","Sejm",48.37,"M"
"2011-10-09","Sejm",47.23,"M"
"2011-10-09","Sejm",58.66,"M"
"2011-10-09","Sejm",60.48,"M"
"2011-10-09","Sejm",47.93,"M"
"2011-10-09","Sejm",36.02,"M"
"2011-10-09","Sejm",52.5,"M"
"2011-10-09","Sejm",54.47,"M"
"2011-10-09","Sejm",57.5,"M"
"2011-10-09","Sejm",38.04,"K"
"2011-10-09","Sejm",33.26,"M"
"2011-10-09","Sejm",48.3,"K"
"2011-10-09","Sejm",40.52,"M"
"2011-10-09","Sejm",53.85,"K"
"2011-10-09","Sejm",40.24,"M"
"2011-10-09","Sejm",37.37,"M"
"2011-10-09","Sejm",50.48,"M"
"2011-10-09","Sejm",34.93,"M"
"2011-10-09","Sejm",65.34,"M"
"2011-10-09","Sejm",43.65,"M"
"2011-10-09","Sejm",51.39,"K"
"2011-10-09","Sejm",44.06,"M"
"2011-10-09","Sejm",42.84,"M"
"2011-10-09","Sejm",51.77,"M"
"2011-10-09","Sejm",31.56,"M"
"2011-10-09","Sejm",48.02,"K"
"2011-10-09","Sejm",36.84,"M"
"2011-10-09","Sejm",51.94,"M"
"2011-10-09","Sejm",53.65,"M"
"2011-10-09","Sejm",60.97,"K"
"2011-10-09","Sejm",46.29,"K"
"2011-10-09","Sejm",44.36,"K"
"2011-10-09","Sejm",60.17,"M"
"2011-10-09","Sejm",48.37,"M"
"2011-10-09","Sejm",33.65,"M"
"2011-10-09","Sejm",56.47,"M"
"2011-10-09","Sejm",54.43,"M"
"2011-10-09","Sejm",48.09,"M"
"2011-10-09","Sejm",51.08,"M"
"2011-10-09","Sejm",40.79,"M"
"2011-10-09","Sejm",55.58,"M"
"2011-10-09","Sejm",54.89,"M"
"2011-10-09","Sejm",22.11,"M"
"2011-10-09","Sejm",62.28,"M"
"2011-10-09","Sejm",47.77,"M"
"2011-10-09","Sejm",60.55,"K"
"2011-10-09","Sejm",31.93,"M"
"2011-10-09","Sejm",73.6,"M"
"2011-10-09","Sejm",44.44,"M"
"2011-10-09","Sejm",38.76,"M"
"2011-10-09","Sejm",67.55,"M"
"2011-10-09","Sejm",54.86,"M"
"2011-10-09","Sejm",55.12,"K"
"2011-10-09","Sejm",62.22,"M"
"2011-10-09","Senat",62.02,"M"
"2011-10-09","Senat",59.66,"K"
"2011-10-09","Senat",47.37,"M"
"2011-10-09","Senat",56.18,"M"
"2011-10-09","Senat",47.71,"K"
"2011-10-09","Senat",48.06,"M"
"2011-10-09","Senat",34.1,"M"
"2011-10-09","Senat",64.39,"M"
"2011-10-09","Senat",65.81,"M"
"2011-10-09","Senat",62.78,"M"
"2011-10-09","Senat",73.98,"K"
"2011-10-09","Senat",58.16,"M"
"2011-10-09","Senat",60.46,"K"
"2011-10-09","Senat",61.11,"M"
"2011-10-09","Senat",60.24,"M"
"2011-10-09","Senat",55.61,"M"
"2011-10-09","Senat",47.02,"M"
"2011-10-09","Senat",58.72,"K"
"2011-10-09","Senat",58.81,"M"
"2011-10-09","Senat",44.27,"M"
"2011-10-09","Senat",47.48,"M"
"2011-10-09","Senat",67.79,"M"
"2011-10-09","Senat",62.78,"M"
"2011-10-09","Senat",51.97,"M"
"2011-10-09","Senat",53.24,"M"
"2011-10-09","Senat",40.62,"K"
"2011-10-09","Senat",60.69,"M"
"2011-10-09","Senat",62.7,"M"
"2011-10-09","Senat",43.16,"M"
"2011-10-09","Senat",53.61,"M"
"2011-10-09","Senat",59.38,"M"
"2011-10-09","Senat",55.18,"K"
"2011-10-09","Senat",70.63,"M"
"2011-10-09","Senat",62.36,"M"
"2011-10-09","Senat",53.75,"M"
"2011-10-09","Senat",55.63,"M"
"2011-10-09","Senat",50.22,"M"
"2011-10-09","Senat",55.94,"M"
"2011-10-09","Senat",59.25,"M"
"2011-10-09","Senat",53.67,"M"
"2011-10-09","Senat",51.45,"M"
"2011-10-09","Senat",52.74,"M"
"2011-10-09","Senat",62.21,"M"
"2011-10-09","Senat",60.28,"M"
"2011-10-09","Senat",57.98,"M"
"2011-10-09","Senat",50.57,"M"
"2011-10-09","Senat",51.16,"M"
"2011-10-09","Senat",48.13,"M"
"2011-10-09","Senat",82.7,"M"
"2011-10-09","Senat",50.39,"M"
"2011-10-09","Senat",40.75,"M"
"2011-10-09","Senat",53.84,"M"
"2011-10-09","Senat",41.21,"M"
"2011-10-09","Senat",59.34,"M"
"2011-10-09","Senat",59.76,"M"
"2011-10-09","Senat",49.13,"M"
"2011-10-09","Senat",49.89,"M"
"2011-10-09","Senat",70.38,"M"
"2011-10-09","Senat",36.58,"K"
"2011-10-09","Senat",56.72,"M"
"2011-10-09","Senat",58.59,"M"
"2011-10-09","Senat",49.35,"M"
"2011-10-09","Senat",38.9,"M"
"2011-10-09","Senat",57.32,"M"
"2011-10-09","Senat",61.34,"M"
"2011-10-09","Senat",56.07,"M"
"2011-10-09","Senat",69.3,"K"
"2011-10-09","Senat",46.72,"M"
"2011-10-09","Senat",60.45,"M"
"2011-10-09","Senat",58.54,"M"
"2011-10-09","Senat",53.09,"M"
"2011-10-09","Senat",56.62,"M"
"2011-10-09","Senat",46.7,"M"
"2011-10-09","Senat",52.22,"M"
"2011-10-09","Senat",59.24,"M"
"2011-10-09","Senat",58.44,"M"
"2011-10-09","Senat",67.93,"K"
"2011-10-09","Senat",67.52,"M"
"2011-10-09","Senat",61.44,"K"
"2011-10-09","Senat",56.12,"M"
"2011-10-09","Senat",72.32,"M"
"2011-10-09","Senat",66.2,"M"
"2011-10-09","Senat",41.87,"M"
"2011-10-09","Senat",47.02,"M"
"2011-10-09","Senat",41.66,"M"
"2011-10-09","Senat",56.85,"K"
"2011-10-09","Senat",53.33,"M"
"2011-10-09","Senat",62.92,"M"
"2011-10-09","Senat",66.92,"M"
"2011-10-09","Senat",56.68,"M"
"2011-10-09","Senat",63.94,"M"
"2011-10-09","Senat",51.16,"M"
"2011-10-09","Senat",57.6,"M"
"2011-10-09","Senat",64.16,"M"
"2011-10-09","Senat",55.65,"M"
"2011-10-09","Senat",58.33,"K"
"2011-10-09","Senat",64.62,"M"
"2011-10-09","Senat",37.29,"M"
"2011-10-09","Senat",59.52,"M"
"2011-10-09","Senat",62.64,"M"
"2015-10-25","Sejm",54.66,"M"
"2015-10-25","Sejm",56.84,"M"
"2015-10-25","Sejm",59.97,"M"
"2015-10-25","Sejm",25.34,"M"
"2015-10-25","Sejm",44.13,"M"
"2015-10-25","Sejm",31.73,"M"
"2015-10-25","Sejm",47.72,"K"
"2015-10-25","Sejm",54.74,"M"
"2015-10-25","Sejm",47.42,"K"
"2015-10-25","Sejm",43.85,"M"
"2015-10-25","Sejm",61.8,"M"
"2015-10-25","Sejm",57.12,"M"
"2015-10-25","Sejm",51.18,"K"
"2015-10-25","Sejm",36.39,"K"
"2015-10-25","Sejm",55.02,"M"
"2015-10-25","Sejm",62.54,"M"
"2015-10-25","Sejm",40.75,"M"
"2015-10-25","Sejm",46.16,"M"
"2015-10-25","Sejm",34.76,"M"
"2015-10-25","Sejm",46.18,"M"
"2015-10-25","Sejm",47.82,"M"
"2015-10-25","Sejm",48.35,"K"
"2015-10-25","Sejm",54.37,"M"
"2015-10-25","Sejm",57.84,"M"
"2015-10-25","Sejm",53.07,"M"
"2015-10-25","Sejm",55.72,"M"
"2015-10-25","Sejm",44.17,"K"
"2015-10-25","Sejm",45.96,"M"
"2015-10-25","Sejm",56.53,"M"
"2015-10-25","Sejm",51.98,"M"
"2015-10-25","Sejm",46.13,"M"
"2015-10-25","Sejm",32.62,"K"
"2015-10-25","Sejm",56.73,"M"
"2015-10-25","Sejm",57.98,"M"
"2015-10-25","Sejm",48.21,"K"
"2015-10-25","Sejm",28.39,"K"
"2015-10-25","Sejm",27.05,"K"
"2015-10-25","Sejm",61.67,"K"
"2015-10-25","Sejm",32.47,"M"
"2015-10-25","Sejm",47.75,"M"
"2015-10-25","Sejm",53.59,"M"
"2015-10-25","Sejm",52.68,"K"
"2015-10-25","Sejm",60.76,"M"
"2015-10-25","Sejm",33.12,"M"
"2015-10-25","Sejm",37.65,"M"
"2015-10-25","Sejm",63.74,"K"
"2015-10-25","Sejm",51.19,"K"
"2015-10-25","Sejm",62.53,"K"
"2015-10-25","Sejm",61.13,"M"
"2015-10-25","Sejm",50.16,"K"
"2015-10-25","Sejm",43.2,"M"
"2015-10-25","Sejm",64.5,"K"
"2015-10-25","Sejm",58.84,"M"
"2015-10-25","Sejm",40.9,"M"
"2015-10-25","Sejm",37.24,"M"
"2015-10-25","Sejm",36.05,"M"
"2015-10-25","Sejm",60.43,"M"
"2015-10-25","Sejm",55.61,"M"
"2015-10-25","Sejm",67.1,"M"
"2015-10-25","Sejm",32.14,"M"
"2015-10-25","Sejm",62.58,"M"
"2015-10-25","Sejm",49.56,"M"
"2015-10-25","Sejm",62.44,"K"
"2015-10-25","Sejm",65.11,"K"
"2015-10-25","Sejm",45.81,"K"
"2015-10-25","Sejm",61,"M"
"2015-10-25","Sejm",60.4,"M"
"2015-10-25","Sejm",48.42,"M"
"2015-10-25","Sejm",49.93,"M"
"2015-10-25","Sejm",55.15,"K"
"2015-10-25","Sejm",52.08,"K"
"2015-10-25","Sejm",64.88,"M"
"2015-10-25","Sejm",52.96,"K"
"2015-10-25","Sejm",55.48,"M"
"2015-10-25","Sejm",46.66,"M"
"2015-10-25","Sejm",33.73,"M"
"2015-10-25","Sejm",40.29,"M"
"2015-10-25","Sejm",34.25,"M"
"2015-10-25","Sejm",56.3,"M"
"2015-10-25","Sejm",66.9,"M"
"2015-10-25","Sejm",46.93,"K"
"2015-10-25","Sejm",65.35,"K"
"2015-10-25","Sejm",64.77,"M"
"2015-10-25","Sejm",58.61,"K"
"2015-10-25","Sejm",37.81,"K"
"2015-10-25","Sejm",58.59,"M"
"2015-10-25","Sejm",53.23,"M"
"2015-10-25","Sejm",25.28,"K"
"2015-10-25","Sejm",49.67,"M"
"2015-10-25","Sejm",59.3,"M"
"2015-10-25","Sejm",55.1,"K"
"2015-10-25","Sejm",32.49,"K"
"2015-10-25","Sejm",55.15,"M"
"2015-10-25","Sejm",46.94,"M"
"2015-10-25","Sejm",50.83,"M"
"2015-10-25","Sejm",48.82,"K"
"2015-10-25","Sejm",60.55,"K"
"2015-10-25","Sejm",36.54,"M"
"2015-10-25","Sejm",59.67,"M"
"2015-10-25","Sejm",57.45,"K"
"2015-10-25","Sejm",61.56,"M"
"2015-10-25","Sejm",43.48,"M"
"2015-10-25","Sejm",40.85,"M"
"2015-10-25","Sejm",59.27,"M"
"2015-10-25","Sejm",30.55,"K"
"2015-10-25","Sejm",35.01,"K"
"2015-10-25","Sejm",51.75,"M"
"2015-10-25","Sejm",45.52,"M"
"2015-10-25","Sejm",49.29,"K"
"2015-10-25","Sejm",62.97,"M"
"2015-10-25","Sejm",53.93,"M"
"2015-10-25","Sejm",45.76,"M"
"2015-10-25","Sejm",55.53,"M"
"2015-10-25","Sejm",43.01,"M"
"2015-10-25","Sejm",29.2,"M"
"2015-10-25","Sejm",63.12,"M"
"2015-10-25","Sejm",50.43,"M"
"2015-10-25","Sejm",53.41,"M"
"2015-10-25","Sejm",53.95,"M"
"2015-10-25","Sejm",62.58,"K"
"2015-10-25","Sejm",52.82,"M"
"2015-10-25","Sejm",39.54,"K"
"2015-10-25","Sejm",38.08,"K"
"2015-10-25","Sejm",64.79,"K"
"2015-10-25","Sejm",61.71,"M"
"2015-10-25","Sejm",62.4,"M"
"2015-10-25","Sejm",34.08,"M"
"2015-10-25","Sejm",70.1,"K"
"2015-10-25","Sejm",62.55,"M"
"2015-10-25","Sejm",64.13,"M"
"2015-10-25","Sejm",65.98,"M"
"2015-10-25","Sejm",30.48,"M"
"2015-10-25","Sejm",56.53,"M"
"2015-10-25","Sejm",51.58,"M"
"2015-10-25","Sejm",50.36,"M"
"2015-10-25","Sejm",53.81,"K"
"2015-10-25","Sejm",34.77,"M"
"2015-10-25","Sejm",34.42,"M"
"2015-10-25","Sejm",67.61,"M"
"2015-10-25","Sejm",41.26,"M"
"2015-10-25","Sejm",44.89,"M"
"2015-10-25","Sejm",53.53,"M"
"2015-10-25","Sejm",42.26,"M"
"2015-10-25","Sejm",61.98,"M"
"2015-10-25","Sejm",25.96,"M"
"2015-10-25","Sejm",66.4,"M"
"2015-10-25","Sejm",47.36,"M"
"2015-10-25","Sejm",50.19,"K"
"2015-10-25","Sejm",50.12,"M"
"2015-10-25","Sejm",43.61,"M"
"2015-10-25","Sejm",53.98,"M"
"2015-10-25","Sejm",62.61,"M"
"2015-10-25","Sejm",49.73,"K"
"2015-10-25","Sejm",58.51,"K"
"2015-10-25","Sejm",39.2,"M"
"2015-10-25","Sejm",61.87,"M"
"2015-10-25","Sejm",65,"M"
"2015-10-25","Sejm",52.5,"K"
"2015-10-25","Sejm",51.9,"K"
"2015-10-25","Sejm",61.98,"M"
"2015-10-25","Sejm",51.71,"M"
"2015-10-25","Sejm",49.88,"M"
"2015-10-25","Sejm",33.42,"M"
"2015-10-25","Sejm",65.78,"K"
"2015-10-25","Sejm",43.04,"K"
"2015-10-25","Sejm",52.4,"M"
"2015-10-25","Sejm",52.65,"M"
"2015-10-25","Sejm",41.62,"M"
"2015-10-25","Sejm",58.93,"K"
"2015-10-25","Sejm",48.84,"K"
"2015-10-25","Sejm",41.21,"M"
"2015-10-25","Sejm",60.85,"M"
"2015-10-25","Sejm",49.72,"M"
"2015-10-25","Sejm",34.23,"M"
"2015-10-25","Sejm",38.53,"M"
"2015-10-25","Sejm",41.66,"M"
"2015-10-25","Sejm",39.59,"M"
"2015-10-25","Sejm",64.72,"M"
"2015-10-25","Sejm",59.32,"M"
"2015-10-25","Sejm",36.23,"M"
"2015-10-25","Sejm",41.44,"K"
"2015-10-25","Sejm",53.73,"M"
"2015-10-25","Sejm",36.65,"M"
"2015-10-25","Sejm",32.65,"M"
"2015-10-25","Sejm",51.43,"M"
"2015-10-25","Sejm",65.01,"M"
"2015-10-25","Sejm",41.28,"M"
"2015-10-25","Sejm",41.36,"M"
"2015-10-25","Sejm",30.53,"M"
"2015-10-25","Sejm",55.97,"K"
"2015-10-25","Sejm",34.01,"K"
"2015-10-25","Sejm",55.41,"M"
"2015-10-25","Sejm",45.56,"K"
"2015-10-25","Sejm",48.04,"M"
"2015-10-25","Sejm",62.62,"K"
"2015-10-25","Sejm",44.56,"M"
"2015-10-25","Sejm",31.28,"M"
"2015-10-25","Sejm",41.72,"M"
"2015-10-25","Sejm",60.25,"M"
"2015-10-25","Sejm",52.37,"M"
"2015-10-25","Sejm",24.97,"M"
"2015-10-25","Sejm",62.54,"M"
"2015-10-25","Sejm",54.09,"M"
"2015-10-25","Sejm",51.1,"K"
"2015-10-25","Sejm",54.53,"M"
"2015-10-25","Sejm",58.24,"M"
"2015-10-25","Sejm",72.05,"M"
"2015-10-25","Sejm",51.67,"M"
"2015-10-25","Sejm",50.94,"M"
"2015-10-25","Sejm",54.9,"K"
"2015-10-25","Sejm",46.91,"M"
"2015-10-25","Sejm",53.18,"K"
"2015-10-25","Sejm",47.67,"M"
"2015-10-25","Sejm",45.96,"K"
"2015-10-25","Sejm",47.81,"K"
"2015-10-25","Sejm",56.08,"M"
"2015-10-25","Sejm",59.16,"M"
"2015-10-25","Sejm",44.32,"M"
"2015-10-25","Sejm",37.22,"M"
"2015-10-25","Sejm",37.3,"M"
"2015-10-25","Sejm",46.28,"K"
"2015-10-25","Sejm",37.36,"M"
"2015-10-25","Sejm",54.26,"M"
"2015-10-25","Sejm",61.23,"M"
"2015-10-25","Sejm",55.19,"K"
"2015-10-25","Sejm",46.03,"M"
"2015-10-25","Sejm",62.56,"M"
"2015-10-25","Sejm",67.27,"M"
"2015-10-25","Sejm",54.82,"K"
"2015-10-25","Sejm",47.69,"M"
"2015-10-25","Sejm",61.48,"K"
"2015-10-25","Sejm",43.53,"M"
"2015-10-25","Sejm",41.07,"M"
"2015-10-25","Sejm",29.79,"M"
"2015-10-25","Sejm",65.37,"K"
"2015-10-25","Sejm",31.28,"M"
"2015-10-25","Sejm",59.62,"M"
"2015-10-25","Sejm",52.54,"K"
"2015-10-25","Sejm",54.7,"M"
"2015-10-25","Sejm",63.38,"M"
"2015-10-25","Sejm",56.24,"M"
"2015-10-25","Sejm",55.68,"M"
"2015-10-25","Sejm",48.05,"K"
"2015-10-25","Sejm",57.1,"M"
"2015-10-25","Sejm",61.21,"M"
"2015-10-25","Sejm",58.88,"M"
"2015-10-25","Sejm",59.66,"K"
"2015-10-25","Sejm",62.12,"M"
"2015-10-25","Sejm",59.47,"M"
"2015-10-25","Sejm",57.31,"K"
"2015-10-25","Sejm",25.94,"M"
"2015-10-25","Sejm",61.32,"M"
"2015-10-25","Sejm",41.4,"M"
"2015-10-25","Sejm",57.46,"K"
"2015-10-25","Sejm",74.53,"M"
"2015-10-25","Sejm",51.46,"M"
"2015-10-25","Sejm",58.89,"M"
"2015-10-25","Sejm",53.76,"M"
"2015-10-25","Sejm",40.63,"K"
"2015-10-25","Sejm",51.3,"M"
"2015-10-25","Sejm",61.92,"M"
"2015-10-25","Sejm",56.47,"K"
"2015-10-25","Sejm",39.56,"K"
"2015-10-25","Sejm",44.75,"M"
"2015-10-25","Sejm",54.33,"M"
"2015-10-25","Sejm",57.9,"M"
"2015-10-25","Sejm",31.75,"M"
"2015-10-25","Sejm",64.77,"M"
"2015-10-25","Sejm",51.64,"K"
"2015-10-25","Sejm",47.52,"M"
"2015-10-25","Sejm",51.21,"K"
"2015-10-25","Sejm",46.03,"K"
"2015-10-25","Sejm",71.77,"M"
"2015-10-25","Sejm",42.53,"M"
"2015-10-25","Sejm",58.88,"M"
"2015-10-25","Sejm",62.13,"K"
"2015-10-25","Sejm",63.88,"M"
"2015-10-25","Sejm",42.95,"M"
"2015-10-25","Sejm",43.46,"K"
"2015-10-25","Sejm",35.9,"M"
"2015-10-25","Sejm",34.38,"M"
"2015-10-25","Sejm",59.87,"M"
"2015-10-25","Sejm",39.11,"M"
"2015-10-25","Sejm",34.96,"K"
"2015-10-25","Sejm",54.84,"M"
"2015-10-25","Sejm",57.2,"M"
"2015-10-25","Sejm",55.61,"K"
"2015-10-25","Sejm",48.64,"M"
"2015-10-25","Sejm",38.72,"M"
"2015-10-25","Sejm",28.85,"M"
"2015-10-25","Sejm",38.76,"K"
"2015-10-25","Sejm",36.57,"M"
"2015-10-25","Sejm",42.99,"M"
"2015-10-25","Sejm",63.57,"K"
"2015-10-25","Sejm",72.14,"M"
"2015-10-25","Sejm",43.33,"M"
"2015-10-25","Sejm",54.41,"K"
"2015-10-25","Sejm",55.85,"M"
"2015-10-25","Sejm",68.51,"K"
"2015-10-25","Sejm",44.49,"M"
"2015-10-25","Sejm",50.89,"M"
"2015-10-25","Sejm",63.31,"M"
"2015-10-25","Sejm",60.76,"K"
"2015-10-25","Sejm",57.52,"M"
"2015-10-25","Sejm",54.21,"M"
"2015-10-25","Sejm",51.97,"M"
"2015-10-25","Sejm",54.8,"M"
"2015-10-25","Sejm",35.82,"K"
"2015-10-25","Sejm",49.22,"M"
"2015-10-25","Sejm",31.28,"M"
"2015-10-25","Sejm",51.81,"M"
"2015-10-25","Sejm",48.42,"M"
"2015-10-25","Sejm",45.2,"M"
"2015-10-25","Sejm",33.31,"M"
"2015-10-25","Sejm",43.33,"M"
"2015-10-25","Sejm",56.85,"M"
"2015-10-25","Sejm",57.84,"K"
"2015-10-25","Sejm",60.38,"K"
"2015-10-25","Sejm",45.33,"M"
"2015-10-25","Sejm",43.1,"M"
"2015-10-25","Sejm",65.19,"M"
"2015-10-25","Sejm",29.52,"M"
"2015-10-25","Sejm",65.46,"K"
"2015-10-25","Sejm",62.79,"M"
"2015-10-25","Sejm",49.15,"K"
"2015-10-25","Sejm",56.51,"M"
"2015-10-25","Sejm",53.79,"K"
"2015-10-25","Sejm",36.92,"M"
"2015-10-25","Sejm",58.1,"M"
"2015-10-25","Sejm",23.15,"M"
"2015-10-25","Sejm",54.76,"M"
"2015-10-25","Sejm",29.25,"M"
"2015-10-25","Sejm",44.08,"M"
"2015-10-25","Sejm",61.68,"M"
"2015-10-25","Sejm",46,"M"
"2015-10-25","Sejm",57.59,"M"
"2015-10-25","Sejm",52.72,"M"
"2015-10-25","Sejm",43.74,"K"
"2015-10-25","Sejm",37.14,"M"
"2015-10-25","Sejm",36.98,"K"
"2015-10-25","Sejm",54.73,"M"
"2015-10-25","Sejm",28.44,"M"
"2015-10-25","Sejm",52.52,"M"
"2015-10-25","Sejm",52.34,"M"
"2015-10-25","Sejm",33.61,"K"
"2015-10-25","Sejm",53.41,"K"
"2015-10-25","Sejm",48.35,"M"
"2015-10-25","Sejm",38.97,"M"
"2015-10-25","Sejm",61.3,"K"
"2015-10-25","Sejm",45.92,"M"
"2015-10-25","Sejm",40.69,"M"
"2015-10-25","Sejm",77.18,"M"
"2015-10-25","Sejm",60.32,"M"
"2015-10-25","Sejm",64.62,"K"
"2015-10-25","Sejm",63.43,"M"
"2015-10-25","Sejm",38.64,"M"
"2015-10-25","Sejm",61.93,"M"
"2015-10-25","Sejm",51.91,"M"
"2015-10-25","Sejm",64.51,"M"
"2015-10-25","Sejm",48.75,"M"
"2015-10-25","Sejm",60.25,"M"
"2015-10-25","Sejm",42.33,"K"
"2015-10-25","Sejm",42.69,"M"
"2015-10-25","Sejm",47.52,"M"
"2015-10-25","Sejm",52.1,"M"
"2015-10-25","Sejm",37.11,"K"
"2015-10-25","Sejm",39.82,"M"
"2015-10-25","Sejm",57.41,"M"
"2015-10-25","Sejm",51.41,"M"
"2015-10-25","Sejm",48.09,"M"
"2015-10-25","Sejm",59.9,"M"
"2015-10-25","Sejm",37.89,"M"
"2015-10-25","Sejm",54.65,"K"
"2015-10-25","Sejm",58.38,"K"
"2015-10-25","Sejm",28.68,"M"
"2015-10-25","Sejm",62.13,"M"
"2015-10-25","Sejm",32.41,"M"
"2015-10-25","Sejm",68.81,"M"
"2015-10-25","Sejm",30.9,"M"
"2015-10-25","Sejm",26.37,"M"
"2015-10-25","Sejm",52.45,"M"
"2015-10-25","Sejm",59.36,"K"
"2015-10-25","Sejm",60.58,"M"
"2015-10-25","Sejm",53.41,"K"
"2015-10-25","Sejm",52.56,"K"
"2015-10-25","Sejm",64.58,"K"
"2015-10-25","Sejm",63.55,"K"
"2015-10-25","Sejm",37.53,"M"
"2015-10-25","Sejm",32.94,"M"
"2015-10-25","Sejm",71.56,"M"
"2015-10-25","Sejm",39.87,"K"
"2015-10-25","Sejm",74.86,"K"
"2015-10-25","Sejm",60.46,"M"
"2015-10-25","Sejm",59.9,"M"
"2015-10-25","Sejm",68.57,"M"
"2015-10-25","Sejm",36.61,"M"
"2015-10-25","Sejm",65.48,"M"
"2015-10-25","Sejm",46.55,"M"
"2015-10-25","Sejm",66.19,"M"
"2015-10-25","Sejm",50.01,"M"
"2015-10-25","Sejm",66.27,"K"
"2015-10-25","Sejm",68.58,"K"
"2015-10-25","Sejm",42.27,"M"
"2015-10-25","Sejm",31.19,"M"
"2015-10-25","Sejm",54.68,"M"
"2015-10-25","Sejm",25.27,"M"
"2015-10-25","Sejm",43.8,"M"
"2015-10-25","Sejm",33.84,"M"
"2015-10-25","Sejm",36.56,"M"
"2015-10-25","Sejm",52.42,"M"
"2015-10-25","Sejm",49.25,"M"
"2015-10-25","Sejm",39.23,"M"
"2015-10-25","Sejm",38.46,"M"
"2015-10-25","Sejm",59.89,"K"
"2015-10-25","Sejm",39.22,"M"
"2015-10-25","Sejm",56.55,"M"
"2015-10-25","Sejm",57.83,"K"
"2015-10-25","Sejm",37.64,"K"
"2015-10-25","Sejm",58.51,"M"
"2015-10-25","Sejm",46.05,"M"
"2015-10-25","Sejm",34.17,"M"
"2015-10-25","Sejm",42.08,"K"
"2015-10-25","Sejm",55.04,"M"
"2015-10-25","Sejm",41.22,"M"
"2015-10-25","Sejm",60.65,"M"
"2015-10-25","Sejm",43.23,"M"
"2015-10-25","Sejm",30.29,"M"
"2015-10-25","Sejm",44.56,"M"
"2015-10-25","Sejm",57.89,"K"
"2015-10-25","Sejm",55.2,"M"
"2015-10-25","Sejm",69.38,"M"
"2015-10-25","Sejm",46.88,"M"
"2015-10-25","Sejm",55.81,"M"
"2015-10-25","Sejm",35.61,"M"
"2015-10-25","Sejm",44.55,"M"
"2015-10-25","Sejm",41.92,"M"
"2015-10-25","Sejm",32.87,"K"
"2015-10-25","Sejm",52.32,"K"
"2015-10-25","Sejm",40.65,"M"
"2015-10-25","Sejm",44.76,"K"
"2015-10-25","Sejm",48.25,"M"
"2015-10-25","Sejm",50.34,"K"
"2015-10-25","Sejm",42.9,"M"
"2015-10-25","Sejm",46.42,"M"
"2015-10-25","Sejm",52.41,"M"
"2015-10-25","Sejm",37.7,"M"
"2015-10-25","Sejm",34.85,"M"
"2015-10-25","Sejm",65.75,"M"
"2015-10-25","Sejm",52.14,"M"
"2015-10-25","Sejm",55.13,"M"
"2015-10-25","Sejm",59.62,"M"
"2015-10-25","Sejm",45.22,"M"
"2015-10-25","Sejm",39.34,"M"
"2015-10-25","Sejm",64.6,"K"
"2015-10-25","Sejm",35.98,"M"
"2015-10-25","Sejm",57.34,"K"
"2015-10-25","Sejm",46.25,"M"
"2015-10-25","Sejm",42.81,"M"
"2015-10-25","Sejm",58.9,"M"
"2015-10-25","Sejm",66.26,"M"
"2015-10-25","Senat",35.9,"M"
"2015-10-25","Senat",60.22,"M"
"2015-10-25","Senat",41.15,"M"
"2015-10-25","Senat",52.11,"M"
"2015-10-25","Senat",38.15,"M"
"2015-10-25","Senat",55.63,"M"
"2015-10-25","Senat",68.44,"M"
"2015-10-25","Senat",56.25,"M"
"2015-10-25","Senat",69.85,"M"
"2015-10-25","Senat",66.83,"M"
"2015-10-25","Senat",78.03,"K"
"2015-10-25","Senat",40.4,"K"
"2015-10-25","Senat",62.21,"M"
"2015-10-25","Senat",62.88,"M"
"2015-10-25","Senat",59.66,"M"
"2015-10-25","Senat",51.06,"M"
"2015-10-25","Senat",55.39,"M"
"2015-10-25","Senat",62.77,"K"
"2015-10-25","Senat",62.85,"M"
"2015-10-25","Senat",57.12,"M"
"2015-10-25","Senat",48.32,"M"
"2015-10-25","Senat",51.52,"M"
"2015-10-25","Senat",68.04,"M"
"2015-10-25","Senat",61.39,"M"
"2015-10-25","Senat",51.62,"M"
"2015-10-25","Senat",48.01,"M"
"2015-10-25","Senat",56.02,"M"
"2015-10-25","Senat",49.54,"M"
"2015-10-25","Senat",41.06,"M"
"2015-10-25","Senat",57.66,"M"
"2015-10-25","Senat",47.21,"M"
"2015-10-25","Senat",64.15,"M"
"2015-10-25","Senat",57.79,"M"
"2015-10-25","Senat",56.95,"M"
"2015-10-25","Senat",59.99,"M"
"2015-10-25","Senat",63.29,"M"
"2015-10-25","Senat",57.71,"M"
"2015-10-25","Senat",55.5,"M"
"2015-10-25","Senat",64.33,"M"
"2015-10-25","Senat",51.21,"K"
"2015-10-25","Senat",62.03,"M"
"2015-10-25","Senat",70.33,"M"
"2015-10-25","Senat",55.21,"M"
"2015-10-25","Senat",48.8,"K"
"2015-10-25","Senat",52.18,"M"
"2015-10-25","Senat",44.8,"M"
"2015-10-25","Senat",48.84,"M"
"2015-10-25","Senat",63.85,"M"
"2015-10-25","Senat",44.25,"M"
"2015-10-25","Senat",57.89,"M"
"2015-10-25","Senat",45.26,"M"
"2015-10-25","Senat",38.23,"M"
"2015-10-25","Senat",60.12,"M"
"2015-10-25","Senat",53.94,"M"
"2015-10-25","Senat",38.49,"M"
"2015-10-25","Senat",41.63,"M"
"2015-10-25","Senat",53.4,"M"
"2015-10-25","Senat",58.77,"K"
"2015-10-25","Senat",60.12,"M"
"2015-10-25","Senat",73.34,"K"
"2015-10-25","Senat",50.76,"M"
"2015-10-25","Senat",39.07,"M"
"2015-10-25","Senat",40.24,"M"
"2015-10-25","Senat",57.73,"M"
"2015-10-25","Senat",57.13,"M"
"2015-10-25","Senat",50.75,"M"
"2015-10-25","Senat",56.27,"M"
"2015-10-25","Senat",55.92,"M"
"2015-10-25","Senat",64.88,"M"
"2015-10-25","Senat",55.58,"M"
"2015-10-25","Senat",57.83,"M"
"2015-10-25","Senat",62.49,"M"
"2015-10-25","Senat",58.69,"M"
"2015-10-25","Senat",71.98,"K"
"2015-10-25","Senat",71.57,"M"
"2015-10-25","Senat",54.3,"M"
"2015-10-25","Senat",55.38,"M"
"2015-10-25","Senat",69.36,"M"
"2015-10-25","Senat",65.49,"K"
"2015-10-25","Senat",76.37,"M"
"2015-10-25","Senat",51.07,"M"
"2015-10-25","Senat",44.16,"M"
"2015-10-25","Senat",61.14,"M"
"2015-10-25","Senat",55.42,"K"
"2015-10-25","Senat",60.9,"K"
"2015-10-25","Senat",33.03,"M"
"2015-10-25","Senat",63.41,"M"
"2015-10-25","Senat",53.64,"M"
"2015-10-25","Senat",44.2,"M"
"2015-10-25","Senat",70.97,"M"
"2015-10-25","Senat",45.98,"M"
"2015-10-25","Senat",57,"M"
"2015-10-25","Senat",60.72,"M"
"2015-10-25","Senat",49.78,"M"
"2015-10-25","Senat",60.53,"M"
"2015-10-25","Senat",62.37,"K"
"2015-10-25","Senat",68.66,"M"
"2015-10-25","Senat",55.44,"K"
"2015-10-25","Senat",63.57,"M"
"2015-10-25","Senat",57.65,"M"
"2019-10-13","Sejm",60.81,"M"
"2019-10-13","Sejm",45.4,"M"
"2019-10-13","Sejm",58.34,"M"
"2019-10-13","Sejm",70.78,"M"
"2019-10-13","Sejm",29.31,"M"
"2019-10-13","Sejm",48.1,"M"
"2019-10-13","Sejm",56.56,"M"
"2019-10-13","Sejm",58.71,"M"
"2019-10-13","Sejm",51.39,"K"
"2019-10-13","Sejm",61.08,"M"
"2019-10-13","Sejm",55.15,"K"
"2019-10-13","Sejm",58.99,"M"
"2019-10-13","Sejm",66.51,"M"
"2019-10-13","Sejm",50.13,"M"
"2019-10-13","Sejm",51.79,"M"
"2019-10-13","Sejm",64.02,"M"
"2019-10-13","Sejm",52.32,"K"
"2019-10-13","Sejm",58.34,"M"
"2019-10-13","Sejm",61.81,"M"
"2019-10-13","Sejm",57.04,"M"
"2019-10-13","Sejm",35.4,"M"
"2019-10-13","Sejm",37.78,"K"
"2019-10-13","Sejm",49.93,"M"
"2019-10-13","Sejm",60.5,"M"
"2019-10-13","Sejm",50.1,"M"
"2019-10-13","Sejm",26.61,"M"
"2019-10-13","Sejm",33.19,"M"
"2019-10-13","Sejm",61.95,"M"
"2019-10-13","Sejm",52.18,"K"
"2019-10-13","Sejm",36.36,"M"
"2019-10-13","Sejm",43.78,"M"
"2019-10-13","Sejm",65.64,"K"
"2019-10-13","Sejm",37.36,"M"
"2019-10-13","Sejm",52.63,"M"
"2019-10-13","Sejm",37.08,"M"
"2019-10-13","Sejm",41.62,"M"
"2019-10-13","Sejm",46.95,"M"
"2019-10-13","Sejm",55.16,"K"
"2019-10-13","Sejm",62.08,"M"
"2019-10-13","Sejm",66.5,"K"
"2019-10-13","Sejm",65.1,"M"
"2019-10-13","Sejm",61.87,"M"
"2019-10-13","Sejm",40.82,"K"
"2019-10-13","Sejm",56.12,"M"
"2019-10-13","Sejm",57.72,"K"
"2019-10-13","Sejm",62.81,"M"
"2019-10-13","Sejm",44.87,"M"
"2019-10-13","Sejm",64.4,"M"
"2019-10-13","Sejm",59.58,"M"
"2019-10-13","Sejm",62.01,"M"
"2019-10-13","Sejm",36.11,"M"
"2019-10-13","Sejm",66.55,"M"
"2019-10-13","Sejm",42.37,"M"
"2019-10-13","Sejm",53.53,"M"
"2019-10-13","Sejm",59.48,"M"
"2019-10-13","Sejm",55.16,"M"
"2019-10-13","Sejm",69.08,"K"
"2019-10-13","Sejm",49.78,"K"
"2019-10-13","Sejm",49.98,"K"
"2019-10-13","Sejm",70.13,"M"
"2019-10-13","Sejm",60.3,"M"
"2019-10-13","Sejm",58.54,"K"
"2019-10-13","Sejm",52.39,"M"
"2019-10-13","Sejm",53.9,"M"
"2019-10-13","Sejm",59.12,"K"
"2019-10-13","Sejm",40.19,"M"
"2019-10-13","Sejm",40.06,"M"
"2019-10-13","Sejm",56.93,"K"
"2019-10-13","Sejm",59.45,"M"
"2019-10-13","Sejm",37.7,"M"
"2019-10-13","Sejm",44.26,"M"
"2019-10-13","Sejm",62.17,"M"
"2019-10-13","Sejm",37.73,"M"
"2019-10-13","Sejm",38.22,"M"
"2019-10-13","Sejm",35.75,"K"
"2019-10-13","Sejm",60.27,"M"
"2019-10-13","Sejm",50.9,"K"
"2019-10-13","Sejm",45.16,"K"
"2019-10-13","Sejm",69.29,"K"
"2019-10-13","Sejm",47.71,"K"
"2019-10-13","Sejm",59.1,"K"
"2019-10-13","Sejm",40.87,"K"
"2019-10-13","Sejm",62.58,"K"
"2019-10-13","Sejm",37.68,"M"
"2019-10-13","Sejm",41.78,"K"
"2019-10-13","Sejm",33.68,"M"
"2019-10-13","Sejm",57.2,"M"
"2019-10-13","Sejm",30.16,"K"
"2019-10-13","Sejm",29.25,"K"
"2019-10-13","Sejm",53.64,"M"
"2019-10-13","Sejm",63.27,"M"
"2019-10-13","Sejm",59.07,"K"
"2019-10-13","Sejm",36.46,"K"
"2019-10-13","Sejm",51.98,"M"
"2019-10-13","Sejm",39.53,"M"
"2019-10-13","Sejm",54.8,"M"
"2019-10-13","Sejm",47.59,"M"
"2019-10-13","Sejm",42.43,"M"
"2019-10-13","Sejm",64.52,"K"
"2019-10-13","Sejm",27.95,"K"
"2019-10-13","Sejm",45.53,"K"
"2019-10-13","Sejm",46.61,"M"
"2019-10-13","Sejm",63.64,"M"
"2019-10-13","Sejm",61.42,"K"
"2019-10-13","Sejm",65.53,"M"
"2019-10-13","Sejm",44.82,"M"
"2019-10-13","Sejm",34.52,"K"
"2019-10-13","Sejm",38.98,"K"
"2019-10-13","Sejm",55.72,"M"
"2019-10-13","Sejm",49.49,"M"
"2019-10-13","Sejm",26.3,"M"
"2019-10-13","Sejm",34.52,"K"
"2019-10-13","Sejm",53.26,"K"
"2019-10-13","Sejm",57.9,"M"
"2019-10-13","Sejm",43.81,"K"
"2019-10-13","Sejm",36.08,"M"
"2019-10-13","Sejm",59.5,"M"
"2019-10-13","Sejm",57.52,"M"
"2019-10-13","Sejm",46.98,"M"
"2019-10-13","Sejm",48.05,"M"
"2019-10-13","Sejm",51.62,"M"
"2019-10-13","Sejm",67.09,"M"
"2019-10-13","Sejm",63.18,"M"
"2019-10-13","Sejm",58.99,"M"
"2019-10-13","Sejm",57.38,"M"
"2019-10-13","Sejm",41.86,"M"
"2019-10-13","Sejm",68.25,"M"
"2019-10-13","Sejm",66.55,"K"
"2019-10-13","Sejm",56.79,"K"
"2019-10-13","Sejm",68.74,"M"
"2019-10-13","Sejm",49.13,"K"
"2019-10-13","Sejm",42.05,"K"
"2019-10-13","Sejm",65.68,"M"
"2019-10-13","Sejm",56.31,"M"
"2019-10-13","Sejm",66.37,"M"
"2019-10-13","Sejm",38.05,"M"
"2019-10-13","Sejm",40.12,"M"
"2019-10-13","Sejm",45.73,"M"
"2019-10-13","Sejm",68.1,"M"
"2019-10-13","Sejm",31.39,"K"
"2019-10-13","Sejm",55.55,"M"
"2019-10-13","Sejm",42.73,"K"
"2019-10-13","Sejm",57.78,"K"
"2019-10-13","Sejm",38.74,"M"
"2019-10-13","Sejm",53.97,"K"
"2019-10-13","Sejm",40.78,"M"
"2019-10-13","Sejm",29.93,"M"
"2019-10-13","Sejm",31.92,"M"
"2019-10-13","Sejm",70.37,"M"
"2019-10-13","Sejm",51.33,"M"
"2019-10-13","Sejm",30.23,"M"
"2019-10-13","Sejm",33.2,"M"
"2019-10-13","Sejm",36.7,"M"
"2019-10-13","Sejm",54.08,"M"
"2019-10-13","Sejm",28.08,"M"
"2019-10-13","Sejm",57.82,"M"
"2019-10-13","Sejm",66.58,"M"
"2019-10-13","Sejm",62.48,"K"
"2019-10-13","Sejm",43.17,"M"
"2019-10-13","Sejm",39.35,"M"
"2019-10-13","Sejm",55.87,"K"
"2019-10-13","Sejm",56.37,"M"
"2019-10-13","Sejm",41.14,"K"
"2019-10-13","Sejm",39.02,"M"
"2019-10-13","Sejm",45.59,"M"
"2019-10-13","Sejm",44.92,"M"
"2019-10-13","Sejm",29.27,"M"
"2019-10-13","Sejm",77.01,"M"
"2019-10-13","Sejm",38.2,"M"
"2019-10-13","Sejm",42.5,"M"
"2019-10-13","Sejm",45.63,"M"
"2019-10-13","Sejm",43.56,"M"
"2019-10-13","Sejm",42.72,"K"
"2019-10-13","Sejm",44.26,"M"
"2019-10-13","Sejm",63.29,"M"
"2019-10-13","Sejm",41.53,"M"
"2019-10-13","Sejm",40.2,"M"
"2019-10-13","Sejm",45.41,"K"
"2019-10-13","Sejm",49.31,"M"
"2019-10-13","Sejm",56.21,"K"
"2019-10-13","Sejm",36.62,"M"
"2019-10-13","Sejm",38.37,"M"
"2019-10-13","Sejm",55.4,"M"
"2019-10-13","Sejm",68.98,"M"
"2019-10-13","Sejm",41.59,"M"
"2019-10-13","Sejm",61.39,"K"
"2019-10-13","Sejm",45.25,"M"
"2019-10-13","Sejm",45.34,"M"
"2019-10-13","Sejm",34.5,"M"
"2019-10-13","Sejm",37.98,"K"
"2019-10-13","Sejm",45.67,"M"
"2019-10-13","Sejm",59.38,"M"
"2019-10-13","Sejm",52.01,"M"
"2019-10-13","Sejm",66.59,"K"
"2019-10-13","Sejm",34.08,"K"
"2019-10-13","Sejm",35.25,"M"
"2019-10-13","Sejm",47.76,"K"
"2019-10-13","Sejm",64.22,"M"
"2019-10-13","Sejm",56.34,"M"
"2019-10-13","Sejm",43.55,"M"
"2019-10-13","Sejm",28.94,"M"
"2019-10-13","Sejm",65.41,"K"
"2019-10-13","Sejm",59.54,"M"
"2019-10-13","Sejm",43.33,"M"
"2019-10-13","Sejm",57.97,"M"
"2019-10-13","Sejm",55.07,"K"
"2019-10-13","Sejm",58.5,"M"
"2019-10-13","Sejm",52.36,"M"
"2019-10-13","Sejm",55.64,"M"
"2019-10-13","Sejm",58.87,"K"
"2019-10-13","Sejm",43.16,"K"
"2019-10-13","Sejm",50.88,"M"
"2019-10-13","Sejm",57.15,"K"
"2019-10-13","Sejm",49.93,"K"
"2019-10-13","Sejm",60.05,"M"
"2019-10-13","Sejm",63.13,"M"
"2019-10-13","Sejm",41.19,"M"
"2019-10-13","Sejm",48.98,"M"
"2019-10-13","Sejm",41.27,"M"
"2019-10-13","Sejm",50.25,"K"
"2019-10-13","Sejm",58.23,"M"
"2019-10-13","Sejm",57.89,"M"
"2019-10-13","Sejm",65.2,"M"
"2019-10-13","Sejm",35.14,"K"
"2019-10-13","Sejm",59.16,"K"
"2019-10-13","Sejm",51.2,"K"
"2019-10-13","Sejm",71.24,"M"
"2019-10-13","Sejm",64.43,"M"
"2019-10-13","Sejm",54.98,"K"
"2019-10-13","Sejm",58.79,"K"
"2019-10-13","Sejm",51.66,"M"
"2019-10-13","Sejm",47.5,"M"
"2019-10-13","Sejm",45.04,"M"
"2019-10-13","Sejm",33.76,"M"
"2019-10-13","Sejm",40.85,"K"
"2019-10-13","Sejm",69.34,"K"
"2019-10-13","Sejm",63.59,"M"
"2019-10-13","Sejm",56.51,"K"
"2019-10-13","Sejm",58.67,"M"
"2019-10-13","Sejm",60.21,"M"
"2019-10-13","Sejm",59.65,"M"
"2019-10-13","Sejm",35.05,"K"
"2019-10-13","Sejm",63.63,"K"
"2019-10-13","Sejm",63.44,"M"
"2019-10-13","Sejm",61.28,"K"
"2019-10-13","Sejm",29.91,"M"
"2019-10-13","Sejm",65.29,"M"
"2019-10-13","Sejm",39.21,"M"
"2019-10-13","Sejm",51.35,"M"
"2019-10-13","Sejm",62.86,"M"
"2019-10-13","Sejm",57.73,"M"
"2019-10-13","Sejm",55.27,"M"
"2019-10-13","Sejm",65.89,"M"
"2019-10-13","Sejm",60.44,"K"
"2019-10-13","Sejm",43.53,"K"
"2019-10-13","Sejm",48.72,"M"
"2019-10-13","Sejm",30.47,"M"
"2019-10-13","Sejm",58.3,"M"
"2019-10-13","Sejm",61.87,"M"
"2019-10-13","Sejm",35.72,"M"
"2019-10-13","Sejm",45.6,"M"
"2019-10-13","Sejm",51.49,"M"
"2019-10-13","Sejm",55.18,"K"
"2019-10-13","Sejm",50,"K"
"2019-10-13","Sejm",46.5,"M"
"2019-10-13","Sejm",44.46,"K"
"2019-10-13","Sejm",62.85,"M"
"2019-10-13","Sejm",68.28,"K"
"2019-10-13","Sejm",62.93,"K"
"2019-10-13","Sejm",41.07,"K"
"2019-10-13","Sejm",66.1,"K"
"2019-10-13","Sejm",46.63,"M"
"2019-10-13","Sejm",35,"M"
"2019-10-13","Sejm",47.43,"K"
"2019-10-13","Sejm",55.36,"M"
"2019-10-13","Sejm",51.92,"M"
"2019-10-13","Sejm",39.87,"M"
"2019-10-13","Sejm",43.08,"M"
"2019-10-13","Sejm",38.93,"K"
"2019-10-13","Sejm",61.17,"M"
"2019-10-13","Sejm",28.08,"M"
"2019-10-13","Sejm",59.58,"K"
"2019-10-13","Sejm",62.83,"K"
"2019-10-13","Sejm",42.69,"M"
"2019-10-13","Sejm",42.73,"K"
"2019-10-13","Sejm",40.54,"M"
"2019-10-13","Sejm",46.95,"M"
"2019-10-13","Sejm",43.33,"K"
"2019-10-13","Sejm",36.35,"K"
"2019-10-13","Sejm",58.38,"K"
"2019-10-13","Sejm",50.14,"M"
"2019-10-13","Sejm",65.11,"M"
"2019-10-13","Sejm",59.82,"M"
"2019-10-13","Sejm",56.12,"M"
"2019-10-13","Sejm",42.68,"K"
"2019-10-13","Sejm",52.09,"K"
"2019-10-13","Sejm",54.86,"M"
"2019-10-13","Sejm",61.49,"M"
"2019-10-13","Sejm",30.45,"M"
"2019-10-13","Sejm",67.98,"K"
"2019-10-13","Sejm",58.18,"M"
"2019-10-13","Sejm",55.94,"M"
"2019-10-13","Sejm",58.77,"M"
"2019-10-13","Sejm",39.79,"K"
"2019-10-13","Sejm",50.44,"M"
"2019-10-13","Sejm",51.22,"K"
"2019-10-13","Sejm",35.25,"M"
"2019-10-13","Sejm",58.96,"K"
"2019-10-13","Sejm",55.78,"M"
"2019-10-13","Sejm",52.39,"M"
"2019-10-13","Sejm",37.28,"M"
"2019-10-13","Sejm",47.07,"M"
"2019-10-13","Sejm",64.73,"M"
"2019-10-13","Sejm",33.49,"K"
"2019-10-13","Sejm",73.23,"M"
"2019-10-13","Sejm",50.61,"M"
"2019-10-13","Sejm",53.12,"K"
"2019-10-13","Sejm",36.65,"M"
"2019-10-13","Sejm",44.37,"M"
"2019-10-13","Sejm",40.89,"M"
"2019-10-13","Sejm",32.85,"M"
"2019-10-13","Sejm",62.07,"M"
"2019-10-13","Sejm",47.17,"M"
"2019-10-13","Sejm",33.22,"M"
"2019-10-13","Sejm",48.05,"M"
"2019-10-13","Sejm",36.4,"M"
"2019-10-13","Sejm",50.58,"M"
"2019-10-13","Sejm",49.97,"M"
"2019-10-13","Sejm",61.56,"M"
"2019-10-13","Sejm",56.69,"M"
"2019-10-13","Sejm",47.71,"K"
"2019-10-13","Sejm",40.95,"K"
"2019-10-13","Sejm",32.41,"M"
"2019-10-13","Sejm",63.53,"K"
"2019-10-13","Sejm",56.49,"M"
"2019-10-13","Sejm",70.74,"K"
"2019-10-13","Sejm",56.31,"M"
"2019-10-13","Sejm",37.58,"K"
"2019-10-13","Sejm",57.38,"K"
"2019-10-13","Sejm",67.06,"M"
"2019-10-13","Sejm",52.32,"M"
"2019-10-13","Sejm",58.25,"M"
"2019-10-13","Sejm",60,"M"
"2019-10-13","Sejm",65.27,"K"
"2019-10-13","Sejm",55.92,"M"
"2019-10-13","Sejm",48.13,"M"
"2019-10-13","Sejm",64.29,"M"
"2019-10-13","Sejm",40.95,"M"
"2019-10-13","Sejm",42.61,"M"
"2019-10-13","Sejm",42.7,"K"
"2019-10-13","Sejm",65.9,"M"
"2019-10-13","Sejm",68.48,"M"
"2019-10-13","Sejm",42.95,"M"
"2019-10-13","Sejm",52.72,"M"
"2019-10-13","Sejm",46.25,"K"
"2019-10-13","Sejm",33.71,"K"
"2019-10-13","Sejm",40.27,"K"
"2019-10-13","Sejm",46.3,"K"
"2019-10-13","Sejm",38.45,"M"
"2019-10-13","Sejm",31.59,"M"
"2019-10-13","Sejm",48.36,"K"
"2019-10-13","Sejm",43.79,"M"
"2019-10-13","Sejm",61.38,"M"
"2019-10-13","Sejm",52.06,"M"
"2019-10-13","Sejm",63.87,"M"
"2019-10-13","Sejm",59.41,"M"
"2019-10-13","Sejm",41.86,"M"
"2019-10-13","Sejm",36.08,"K"
"2019-10-13","Sejm",58.62,"K"
"2019-10-13","Sejm",32.65,"M"
"2019-10-13","Sejm",46.49,"M"
"2019-10-13","Sejm",49.68,"M"
"2019-10-13","Sejm",34.87,"M"
"2019-10-13","Sejm",62.24,"M"
"2019-10-13","Sejm",30.34,"M"
"2019-10-13","Sejm",56.42,"M"
"2019-10-13","Sejm",63.33,"K"
"2019-10-13","Sejm",47.39,"M"
"2019-10-13","Sejm",64.55,"M"
"2019-10-13","Sejm",67.52,"K"
"2019-10-13","Sejm",41.5,"M"
"2019-10-13","Sejm",36.91,"M"
"2019-10-13","Sejm",43.84,"K"
"2019-10-13","Sejm",78.83,"K"
"2019-10-13","Sejm",40.16,"M"
"2019-10-13","Sejm",64.43,"M"
"2019-10-13","Sejm",68.68,"M"
"2019-10-13","Sejm",63.87,"M"
"2019-10-13","Sejm",40.58,"M"
"2019-10-13","Sejm",69.45,"M"
"2019-10-13","Sejm",50.52,"M"
"2019-10-13","Sejm",70.16,"M"
"2019-10-13","Sejm",60.68,"M"
"2019-10-13","Sejm",62.95,"M"
"2019-10-13","Sejm",46.24,"M"
"2019-10-13","Sejm",35.16,"M"
"2019-10-13","Sejm",33.87,"K"
"2019-10-13","Sejm",39.81,"M"
"2019-10-13","Sejm",52.8,"M"
"2019-10-13","Sejm",29.24,"M"
"2019-10-13","Sejm",38.49,"M"
"2019-10-13","Sejm",37.81,"M"
"2019-10-13","Sejm",40.53,"M"
"2019-10-13","Sejm",56.39,"M"
"2019-10-13","Sejm",44.16,"K"
"2019-10-13","Sejm",53.22,"M"
"2019-10-13","Sejm",28.9,"M"
"2019-10-13","Sejm",43.2,"M"
"2019-10-13","Sejm",42.43,"M"
"2019-10-13","Sejm",43.11,"M"
"2019-10-13","Sejm",39.28,"M"
"2019-10-13","Sejm",63.86,"K"
"2019-10-13","Sejm",43.19,"M"
"2019-10-13","Sejm",60.52,"M"
"2019-10-13","Sejm",61.8,"K"
"2019-10-13","Sejm",41.61,"K"
"2019-10-13","Sejm",51.82,"M"
"2019-10-13","Sejm",50.02,"M"
"2019-10-13","Sejm",50.66,"K"
"2019-10-13","Sejm",38.14,"M"
"2019-10-13","Sejm",47.48,"M"
"2019-10-13","Sejm",33.62,"M"
"2019-10-13","Sejm",54.43,"M"
"2019-10-13","Sejm",46.05,"K"
"2019-10-13","Sejm",59.01,"M"
"2019-10-13","Sejm",64.62,"M"
"2019-10-13","Sejm",34.26,"M"
"2019-10-13","Sejm",48.53,"M"
"2019-10-13","Sejm",61.86,"K"
"2019-10-13","Sejm",59.17,"M"
"2019-10-13","Sejm",52.01,"K"
"2019-10-13","Sejm",63.67,"M"
"2019-10-13","Sejm",52.07,"M"
"2019-10-13","Sejm",28.7,"M"
"2019-10-13","Sejm",50.85,"M"
"2019-10-13","Sejm",59.78,"M"
"2019-10-13","Sejm",48.52,"M"
"2019-10-13","Sejm",44.62,"M"
"2019-10-13","Sejm",33.85,"M"
"2019-10-13","Sejm",52.22,"M"
"2019-10-13","Sejm",55.08,"M"
"2019-10-13","Sejm",39.88,"M"
"2019-10-13","Sejm",30.47,"K"
"2019-10-13","Sejm",56.38,"M"
"2019-10-13","Sejm",38.82,"M"
"2019-10-13","Sejm",56.11,"M"
"2019-10-13","Sejm",60.92,"M"
"2019-10-13","Sejm",42.05,"K"
"2019-10-13","Sejm",59.1,"M"
"2019-10-13","Sejm",52.27,"M"
"2019-10-13","Sejm",67.54,"M"
"2019-10-13","Sejm",61.99,"M"
"2019-10-13","Sejm",49.19,"M"
"2019-10-13","Sejm",39.95,"M"
"2019-10-13","Sejm",64.84,"M"
"2019-10-13","Sejm",50.22,"M"
"2019-10-13","Sejm",46.78,"M"
"2019-10-13","Sejm",49.17,"K"
"2019-10-13","Sejm",65.08,"M"
"2019-10-13","Sejm",36.36,"K"
"2019-10-13","Senat",39.87,"M"
"2019-10-13","Senat",65.77,"M"
"2019-10-13","Senat",59.69,"M"
"2019-10-13","Senat",57.06,"K"
"2019-10-13","Senat",56.08,"M"
"2019-10-13","Senat",42.12,"M"
"2019-10-13","Senat",63.41,"M"
"2019-10-13","Senat",60.7,"M"
"2019-10-13","Senat",73.82,"M"
"2019-10-13","Senat",70.8,"M"
"2019-10-13","Senat",82,"K"
"2019-10-13","Senat",48.97,"M"
"2019-10-13","Senat",36.44,"M"
"2019-10-13","Senat",44.37,"K"
"2019-10-13","Senat",52.82,"M"
"2019-10-13","Senat",66.18,"M"
"2019-10-13","Senat",68.47,"K"
"2019-10-13","Senat",63.63,"M"
"2019-10-13","Senat",55.03,"M"
"2019-10-13","Senat",59.36,"M"
"2019-10-13","Senat",66.74,"K"
"2019-10-13","Senat",66.82,"M"
"2019-10-13","Senat",52.28,"M"
"2019-10-13","Senat",50.63,"M"
"2019-10-13","Senat",36.3,"M"
"2019-10-13","Senat",72.01,"M"
"2019-10-13","Senat",64.36,"M"
"2019-10-13","Senat",48.32,"K"
"2019-10-13","Senat",50.91,"M"
"2019-10-13","Senat",54.3,"M"
"2019-10-13","Senat",59.99,"M"
"2019-10-13","Senat",53.51,"M"
"2019-10-13","Senat",49.38,"K"
"2019-10-13","Senat",61.46,"M"
"2019-10-13","Senat",63.32,"M"
"2019-10-13","Senat",41.31,"M"
"2019-10-13","Senat",68.12,"M"
"2019-10-13","Senat",68.76,"K"
"2019-10-13","Senat",61.76,"M"
"2019-10-13","Senat",62.44,"K"
"2019-10-13","Senat",47.58,"M"
"2019-10-13","Senat",63.96,"M"
"2019-10-13","Senat",61.68,"M"
"2019-10-13","Senat",59.47,"M"
"2019-10-13","Senat",68.3,"M"
"2019-10-13","Senat",55.18,"K"
"2019-10-13","Senat",69.75,"K"
"2019-10-13","Senat",47.01,"K"
"2019-10-13","Senat",74.3,"M"
"2019-10-13","Senat",59.99,"M"
"2019-10-13","Senat",49.07,"M"
"2019-10-13","Senat",59.18,"M"
"2019-10-13","Senat",52.77,"K"
"2019-10-13","Senat",56.15,"M"
"2019-10-13","Senat",48.45,"M"
"2019-10-13","Senat",62.21,"M"
"2019-10-13","Senat",48.77,"M"
"2019-10-13","Senat",52.81,"M"
"2019-10-13","Senat",67.82,"M"
"2019-10-13","Senat",48.22,"M"
"2019-10-13","Senat",65.45,"K"
"2019-10-13","Senat",61.86,"M"
"2019-10-13","Senat",49.23,"M"
"2019-10-13","Senat",62.98,"K"
"2019-10-13","Senat",65.18,"M"
"2019-10-13","Senat",51.61,"K"
"2019-10-13","Senat",42.46,"M"
"2019-10-13","Senat",62.74,"K"
"2019-10-13","Senat",66.42,"M"
"2019-10-13","Senat",64.09,"M"
"2019-10-13","Senat",64.98,"M"
"2019-10-13","Senat",44.21,"M"
"2019-10-13","Senat",61.7,"M"
"2019-10-13","Senat",49.27,"M"
"2019-10-13","Senat",54.72,"M"
"2019-10-13","Senat",59.55,"M"
"2019-10-13","Senat",75.95,"K"
"2019-10-13","Senat",58.27,"M"
"2019-10-13","Senat",59.35,"M"
"2019-10-13","Senat",69.46,"K"
"2019-10-13","Senat",58.61,"K"
"2019-10-13","Senat",80.34,"M"
"2019-10-13","Senat",49.89,"M"
"2019-10-13","Senat",55.04,"M"
"2019-10-13","Senat",59.39,"K"
"2019-10-13","Senat",60.96,"M"
"2019-10-13","Senat",37,"M"
"2019-10-13","Senat",57.61,"M"
"2019-10-13","Senat",48.81,"M"
"2019-10-13","Senat",52.87,"K"
"2019-10-13","Senat",60.95,"M"
"2019-10-13","Senat",55.25,"M"
"2019-10-13","Senat",60.97,"M"
"2019-10-13","Senat",64.69,"M"
"2019-10-13","Senat",53.75,"M"
"2019-10-13","Senat",66.34,"K"
"2019-10-13","Senat",72.63,"M"
"2019-10-13","Senat",59.41,"K"
"2019-10-13","Senat",62.45,"M"
"2019-10-13","Senat",63.59,"M"
